Sentence_ID,sentence,sen_len,token_index,token,lang_tag,split_token,ID,FORM,UPOS,HEAD ID,HEAD,DEPREL,Categories,,,,,,
1522,porque nada más que come pitta bread pitta bread y pollo .,12,1,porque,spa,porque,1,,SCONJ,5,come,cc,repitition,,,,,,
1522,porque nada más que come pitta bread pitta bread y pollo .,12,2,nada,spa,nada,2,,,,nan,,repitition,,,,,,
1522,porque nada más que come pitta bread pitta bread y pollo .,12,3,más,spa,más,3,,,,nan,,repitition,,,,,,
1522,porque nada más que come pitta bread pitta bread y pollo .,,,,,nada_más,2.1,,ADV,5,come,advmod,repitition,,,,,,
1522,porque nada más que come pitta bread pitta bread y pollo .,12,4,que,spa,que,4,,SCONJ,5,come,mark,repitition,,,,,,
1522,porque nada más que come pitta bread pitta bread y pollo .,12,5,come,spa,come,5,,VERB,0,root,root,repitition,,,,,,
1522,porque nada más que come pitta bread pitta bread y pollo .,12,6,pitta,eng,pitta,6,,,,nan,,repitition,,,,,,
1522,porque nada más que come pitta bread pitta bread y pollo .,12,7,bread,eng,bread,7,,,,nan,,repitition,,,,,,
1522,porque nada más que come pitta bread pitta bread y pollo .,,,,,pitta_bread,6.1,,NOUN,5,come,obj,repitition,,,,,,
1522,porque nada más que come pitta bread pitta bread y pollo .,12,8,pitta,eng,pitta,8,,,,nan,,repitition,,,,,,
1522,porque nada más que come pitta bread pitta bread y pollo .,12,9,bread,eng,bread,9,,,,nan,,repitition,,,,,,
1522,porque nada más que come pitta bread pitta bread y pollo .,,,,,pitta_bread,8.1,,NOUN,5,come,rep,repitition,,,,,,
1522,porque nada más que come pitta bread pitta bread y pollo .,12,10,y,spa,y,10,,CCONJ,11,pollo,cc,repitition,,,,,,
1522,porque nada más que come pitta bread pitta bread y pollo .,12,11,pollo,spa,pollo,11,,NOUN,5,come,conj,repitition,,,,,,
1522,porque nada más que come pitta bread pitta bread y pollo .,12,12,.,0,.,12,,PUNCT,5,come,punct,repitition,,,,,,
6979,pero bueno eso eso eso es y después te lo .,11,1,pero,spa,pero,1,,CCONJ,6,es,discourse,repitition,,,,,,
6979,pero bueno eso eso eso es y después te lo .,11,2,bueno,spa,bueno,2,,ADV,6,es,discourse,repitition,,,,,,
6979,pero bueno eso eso eso es y después te lo .,11,3,eso,spa,eso,3,,PRON,6,es,nsubj,repitition,,,,,,
6979,pero bueno eso eso eso es y después te lo .,11,4,eso,spa,eso,4,,PRON,6,es,rep,repitition,,,,,,
6979,pero bueno eso eso eso es y después te lo .,11,5,eso,spa,eso,5,,PRON,6,es,rep,repitition,,,,,,
6979,pero bueno eso eso eso es y después te lo .,11,6,es,spa,es,6,,VERB,0,root,root,repitition,,,,,,
6979,pero bueno eso eso eso es y después te lo .,11,7,y,eng,y,7,,CCONJ,6,es,cc,repitition,,,,,,
6979,pero bueno eso eso eso es y después te lo .,11,8,después,spa,después,8,,ADV,6,es,advmod,repitition,,,,,,
6979,pero bueno eso eso eso es y después te lo .,11,9,te,spa,te,9,,PRON,6,es,dep,repitition,,,,,,
6979,pero bueno eso eso eso es y después te lo .,11,10,lo,spa,lo,10,,PRON,6,es,dep,repitition,,,,,,
6979,pero bueno eso eso eso es y después te lo .,11,11,.,0,.,11,,PUNCT,6,es,punct,repitition,,,,,,
12217,y arriba eso está haciéndole las carticas esas de de pronunciation .,12,1,y,spa,y,1,,CCONJ,3,eso,cc,repitition,,,,,,
12217,y arriba eso está haciéndole las carticas esas de de pronunciation .,12,2,arriba,spa,arriba,2,,ADV,3,eso,advmod,repitition,,,,,,
12217,y arriba eso está haciéndole las carticas esas de de pronunciation .,12,3,eso,spa,eso,3,,PRON,5,haciéndo,obl,repitition,,,,,,
12217,y arriba eso está haciéndole las carticas esas de de pronunciation .,12,4,está,spa,está,4,,AUX,5,haciéndo,aux,repitition,,,,,,
12217,y arriba eso está haciéndole las carticas esas de de pronunciation .,12,5,haciéndole,spa,haciéndo,5,,VERB,0,root,root,repitition,,,,,,
12217,y arriba eso está haciéndole las carticas esas de de pronunciation .,,,,,le,6,,PRON,5,haciéndo,iobj,repitition,,,,,,
12217,y arriba eso está haciéndole las carticas esas de de pronunciation .,12,6,las,spa,las,7,,DET,8,carticas,det,repitition,,,,,,
12217,y arriba eso está haciéndole las carticas esas de de pronunciation .,12,7,carticas,spa,carticas,8,,NOUN,5,haciéndo,obj,repitition,,,,,,
12217,y arriba eso está haciéndole las carticas esas de de pronunciation .,12,8,esas,spa,esas,9,,PRON,8,carticas,dislocated,repitition,,,,,,
12217,y arriba eso está haciéndole las carticas esas de de pronunciation .,12,9,de,spa,de,10,,ADP,12,pronunciation,case,repitition,,,,,,
12217,y arriba eso está haciéndole las carticas esas de de pronunciation .,12,10,de,spa,de,11,,ADP,12,pronunciation,case,repitition,,,,,,
12217,y arriba eso está haciéndole las carticas esas de de pronunciation .,12,11,pronunciation,eng,pronunciation,12,,NOUN,8,carticas,nmod,repitition,,,,,,
12217,y arriba eso está haciéndole las carticas esas de de pronunciation .,12,12,.,0,.,13,,PUNCT,5,haciéndo,punct,repitition,,,,,,
13991,sí sí sí I I entiendo te entiendo .,9,1,sí,spa,sí,1,,ADV,8,entiendo,disc,repitition,,,,,,
13991,sí sí sí I I entiendo te entiendo .,9,2,sí,spa,sí,2,,ADV,8,entiendo,rep,repitition,,,,,,
13991,sí sí sí I I entiendo te entiendo .,9,3,sí,spa,sí,3,,ADV,8,entiendo,rep,repitition,,,,,,
13991,sí sí sí I I entiendo te entiendo .,9,4,I,eng,I,4,,PRON,8,entiendo,nsubj,repitition,,,,,,
13991,sí sí sí I I entiendo te entiendo .,9,5,I,eng,I,5,,PRON,8,entiendo,rep,repitition,,,,,,
13991,sí sí sí I I entiendo te entiendo .,9,6,entiendo,spa,entiendo,6,,VERB,8,entiendo,rep,repitition,,,,,,
13991,sí sí sí I I entiendo te entiendo .,9,7,te,spa,te,7,,PRON,8,entiendo,obj,repitition,,,,,,
13991,sí sí sí I I entiendo te entiendo .,9,8,entiendo,spa,entiendo,8,,VERB,0,root,root,repitition,,,,,,
13991,sí sí sí I I entiendo te entiendo .,9,9,.,0,.,9,,PUNCT,8,entiendo,punct,repitition,,,,,,
15236,no el quince es el el mummy day college .,10,1,no,spa,no,1,,ADV,4,es,advmod,repitition,,,,,,
15236,no el quince es el el mummy day college .,10,2,el,spa,el,2,,DET,3,quince,det,repitition,,,,,,
15236,no el quince es el el mummy day college .,10,3,quince,spa,quince,3,,NOUN,4,es,nsubj,repitition,,,,,,
15236,no el quince es el el mummy day college .,10,4,es,spa,es,4,,VERB,7.1,mummy_day_college,cop,repitition,,,,,,
15236,no el quince es el el mummy day college .,10,5,el,spa,el,5,,DET,7.1,mummy_day_college,det,repitition,,,,,,
15236,no el quince es el el mummy day college .,10,6,el,spa,el,6,,DET,7.1,mummy_day_college,rep,repitition,,,,,,
15236,no el quince es el el mummy day college .,10,7,mummy,eng,mummy,7,,,,nan,,repitition,,,,,,
15236,no el quince es el el mummy day college .,10,8,day,eng,day,8,,,,nan,,repitition,,,,,,
15236,no el quince es el el mummy day college .,10,9,college,eng,college,9,,,,nan,,repitition,,,,,,
15236,no el quince es el el mummy day college .,10,,,,mummy_day_college,7.1,,NOUN,0,root,root,repitition,,,,,,
15236,no el quince es el el mummy day college .,10,10,.,0,.,10,,PUNCT,7.1,mummy_day_college,punct,repitition,,,,,,
25073,hablando de tu colegio tu colegio is really big and really outdoors .,13,1,hablando,spa,hablando,1,,VERB,9,big,advcl,repitition,,,,,,
25073,hablando de tu colegio tu colegio is really big and really outdoors .,13,2,de,spa,de,2,,ADP,4,colegio,case,repitition,,,,,,
25073,hablando de tu colegio tu colegio is really big and really outdoors .,13,3,tu,spa,tu,3,,PRON,4,colegio,det,repitition,,,,,,
25073,hablando de tu colegio tu colegio is really big and really outdoors .,13,4,colegio,spa,colegio,4,,NOUN,1,hablando,obj,repitition,,,,,,
25073,hablando de tu colegio tu colegio is really big and really outdoors .,13,5,tu,spa,tu,5,,PRON,6,colegio,det,repitition,,,,,,
25073,hablando de tu colegio tu colegio is really big and really outdoors .,13,6,colegio,spa,colegio,6,,NOUN,7,is,nsubj,repitition,,,,,,
25073,hablando de tu colegio tu colegio is really big and really outdoors .,13,7,is,eng,is,7,,AUX,9,big,cop,repitition,,,,,,
25073,hablando de tu colegio tu colegio is really big and really outdoors .,13,8,really,eng,really,8,,ADV,9,big,advmod,repitition,,,,,,
25073,hablando de tu colegio tu colegio is really big and really outdoors .,13,9,big,eng,big,9,,ADJ,0,root,root,repitition,,,,,,
25073,hablando de tu colegio tu colegio is really big and really outdoors .,13,10,and,eng,and,10,,CCONJ,9,big,cc,repitition,,,,,,
25073,hablando de tu colegio tu colegio is really big and really outdoors .,13,11,really,eng,really,11,,ADV,12,outdoors,advmod,repitition,,,,,,
25073,hablando de tu colegio tu colegio is really big and really outdoors .,13,12,outdoors,eng,outdoors,12,,ADV,9,big,amod,repitition,,,,,,
25073,hablando de tu colegio tu colegio is really big and really outdoors .,13,13,.,0,.,13,,PUNCT,9,big,punct,repitition,,,,,,
27288,and depending on el el el sonido .,8,1,and,eng,and,1,,CCONJ,2,depending,cc,repitition,,,,,,
27288,and depending on el el el sonido .,8,2,depending,eng,depending,2,,VERB,0,root,root,repitition,,,,,,
27288,and depending on el el el sonido .,8,3,on,eng,on,3,,ADP,2,depending,compound:prt,repitition,,,,,,
27288,and depending on el el el sonido .,8,4,el,spa,el,4,,DET,7,sonido,det,repitition,,,,,,
27288,and depending on el el el sonido .,8,5,el,spa,el,5,,DET,7,sonido,rep,repitition,,,,,,
27288,and depending on el el el sonido .,8,6,el,spa,el,6,,DET,7,sonido,rep,repitition,,,,,,
27288,and depending on el el el sonido .,8,7,sonido,spa,sonido,7,,NOUN,2,depending,obj,repitition,,,,,,
27288,and depending on el el el sonido .,8,8,.,0,.,8,,PUNCT,2,depending,punct,repitition,,,,,,
28086,I I had an article that someone sent me en en el internet .,14,1,I,eng,I,1,PRON,PRON,3,had,nsubj,repitition,,,,,,
28086,I I had an article that someone sent me en en el internet .,14,2,I,eng,I,2,PRON,PRON,3,had,rep,repitition,,,,,,
28086,I I had an article that someone sent me en en el internet .,14,3,had,eng,had,3,VERB,VERB,0,root,root,repitition,,,,,,
28086,I I had an article that someone sent me en en el internet .,14,4,an,eng,an,4,DET,DET,5,article,det,repitition,,,,,,
28086,I I had an article that someone sent me en en el internet .,14,5,article,eng,article,5,NOUN,NOUN,3,had,obj,repitition,,,,,,
28086,I I had an article that someone sent me en en el internet .,14,6,that,eng,that,6,PRON,PRON,5,article,mark,repitition,,,,,,
28086,I I had an article that someone sent me en en el internet .,14,7,someone,eng,someone,7,PRON,PRON,8,sent,nsubj,repitition,,,,,,
28086,I I had an article that someone sent me en en el internet .,14,8,sent,eng,sent,8,VERB,VERB,3,had,acl:rekck,repitition,,,,,,
28086,I I had an article that someone sent me en en el internet .,14,9,me,eng,me,9,PRON,PRON,8,sent,obj,repitition,,,,,,
28086,I I had an article that someone sent me en en el internet .,14,10,en,spa,en,10,ADP,ADP,13,internet,case,repitition,,,,,,
28086,I I had an article that someone sent me en en el internet .,14,11,en,spa,en,11,ADP,ADP,13,internet,rep,repitition,,,,,,
28086,I I had an article that someone sent me en en el internet .,14,12,el,spa,el,12,DET,DET,13,internet,det,repitition,,,,,,
28086,I I had an article that someone sent me en en el internet .,14,13,internet,eng&spa,internet,13,NOUN,NOUN,8,sent,obl,repitition,,,,,,
28086,I I had an article that someone sent me en en el internet .,14,14,.,0,.,14,,PUNCT,3,had,punct,repitition,,,,,,
40677,eso es una cosa que la tiene que hacer el gobierno federal en la parte de del del post office del correo .,23,1,eso,spa,eso,1,,DET,2,es,det,repitition,,,,,,
40677,eso es una cosa que la tiene que hacer el gobierno federal en la parte de del del post office del correo .,23,2,es,spa,es,2,,AUX,4,cosa,cop,repitition,,,,,,
40677,eso es una cosa que la tiene que hacer el gobierno federal en la parte de del del post office del correo .,23,3,una,spa,una,3,,DET,4,cosa,det,repitition,,,,,,
40677,eso es una cosa que la tiene que hacer el gobierno federal en la parte de del del post office del correo .,23,4,cosa,spa,cosa,4,,NOUN,9,hacer,obj,repitition,,,,,,
40677,eso es una cosa que la tiene que hacer el gobierno federal en la parte de del del post office del correo .,23,5,que,spa,que,5,,SCONJ,9,hacer,mark,repitition,,,,,,
40677,eso es una cosa que la tiene que hacer el gobierno federal en la parte de del del post office del correo .,23,6,la,spa,la,6,,PRON,9,hacer,obj,repitition,,,,,,
40677,eso es una cosa que la tiene que hacer el gobierno federal en la parte de del del post office del correo .,23,7,tiene,spa,tiene,7,,AUX,9,hacer,aux,repitition,,,,,,
40677,eso es una cosa que la tiene que hacer el gobierno federal en la parte de del del post office del correo .,23,8,que,spa,que,8,,SCONJ,9,hacer,mark,repitition,,,,,,
40677,eso es una cosa que la tiene que hacer el gobierno federal en la parte de del del post office del correo .,23,9,hacer,spa,hacer,9,,VERB,0,root,root,repitition,,,,,,
40677,eso es una cosa que la tiene que hacer el gobierno federal en la parte de del del post office del correo .,23,10,el,spa,el,10,,DET,11,gobierno,det,repitition,,,,,,
40677,eso es una cosa que la tiene que hacer el gobierno federal en la parte de del del post office del correo .,23,11,gobierno,spa,gobierno,11,,NOUN,7,tiene,nsubj,repitition,,,,,,
40677,eso es una cosa que la tiene que hacer el gobierno federal en la parte de del del post office del correo .,23,12,federal,spa,federal,12,,ADJ,11,gobierno,amod,repitition,,,,,,
40677,eso es una cosa que la tiene que hacer el gobierno federal en la parte de del del post office del correo .,23,13,en,spa,en,13,,ADP,15,parte,case,repitition,,,,,,
40677,eso es una cosa que la tiene que hacer el gobierno federal en la parte de del del post office del correo .,23,14,la,spa,la,14,,DET,15,parte,det,repitition,,,,,,
40677,eso es una cosa que la tiene que hacer el gobierno federal en la parte de del del post office del correo .,23,15,parte,spa,parte,15,,NOUN,21.1,post_office,obl,repitition,,,,,,
40677,eso es una cosa que la tiene que hacer el gobierno federal en la parte de del del post office del correo .,23,16,de,spa,de,16,,ADP,21.1,post_office,case,repitition,,,,,,
40677,eso es una cosa que la tiene que hacer el gobierno federal en la parte de del del post office del correo .,23,17,del,spa,de,17,,ADP,21.1,post_office,rep,repitition,,,,,,
40677,eso es una cosa que la tiene que hacer el gobierno federal en la parte de del del post office del correo .,,,,,el,18,,DET,21.1,post_office,det,repitition,,,,,,
40677,eso es una cosa que la tiene que hacer el gobierno federal en la parte de del del post office del correo .,23,18,del,spa,de,19,,ADP,21.1,post_office,rep,repitition,,,,,,
40677,eso es una cosa que la tiene que hacer el gobierno federal en la parte de del del post office del correo .,,,,,el,20,,DET,21.1,post_office,rep,repitition,,,,,,
40677,eso es una cosa que la tiene que hacer el gobierno federal en la parte de del del post office del correo .,23,19,post,eng,post,21,,,,nan,,repitition,,,,,,
40677,eso es una cosa que la tiene que hacer el gobierno federal en la parte de del del post office del correo .,23,20,office,eng,office,22,,,,nan,,repitition,,,,,,
40677,eso es una cosa que la tiene que hacer el gobierno federal en la parte de del del post office del correo .,,,,,post_office,21.1,,NOUN,15,parte,nmod,repitition,,,,,,
40677,eso es una cosa que la tiene que hacer el gobierno federal en la parte de del del post office del correo .,23,21,del,spa,de,22,,ADP,24,correo,case,repitition,,,,,,
40677,eso es una cosa que la tiene que hacer el gobierno federal en la parte de del del post office del correo .,,,,,el,23,,DET,24,correo,det,repitition,,,,,,
40677,eso es una cosa que la tiene que hacer el gobierno federal en la parte de del del post office del correo .,23,22,correo,spa,correo,24,,NOUN,21.1,post_office,nmod,repitition,,,,,,
40677,eso es una cosa que la tiene que hacer el gobierno federal en la parte de del del post office del correo .,23,23,.,0,.,25,,PUNCT,9,hacer,punct,repitition,,,,,,
45797,y a las y a las y a las cinco vamos para el Miami Fair .,16,1,y,spa,y,1,,CCONJ,11,vamos,discourse,repitition,,,,,,
45797,y a las y a las y a las cinco vamos para el Miami Fair .,16,2,a,spa,a,2,,ADP,10,cinco,case,repitition,,,,,,
45797,y a las y a las y a las cinco vamos para el Miami Fair .,16,3,las,spa,las,3,,DET,10,cinco,det,repitition,,,,,,
45797,y a las y a las y a las cinco vamos para el Miami Fair .,16,4,y,spa,y,4,,CCONJ,10,cinco,rep,repitition,,,,,,
45797,y a las y a las y a las cinco vamos para el Miami Fair .,16,5,a,spa,a,5,,ADP,10,cinco,rep,repitition,,,,,,
45797,y a las y a las y a las cinco vamos para el Miami Fair .,16,6,las,spa,las,6,,DET,10,cinco,rep,repitition,,,,,,
45797,y a las y a las y a las cinco vamos para el Miami Fair .,16,7,y,spa,y,7,,CCONJ,10,cinco,rep,repitition,,,,,,
45797,y a las y a las y a las cinco vamos para el Miami Fair .,16,8,a,spa,a,8,,ADP,10,cinco,rep,repitition,,,,,,
45797,y a las y a las y a las cinco vamos para el Miami Fair .,16,9,las,spa,las,9,,DET,10,cinco,rep,repitition,,,,,,
45797,y a las y a las y a las cinco vamos para el Miami Fair .,16,10,cinco,spa,cinco,10,,NUM,11,vamos,nummod,repitition,,,,,,
45797,y a las y a las y a las cinco vamos para el Miami Fair .,16,11,vamos,spa,vamos,11,,VERB,0,root,root,repitition,,,,,,
45797,y a las y a las y a las cinco vamos para el Miami Fair .,16,12,para,spa,para,12,,ADP,15,Fair,case,repitition,,,,,,
45797,y a las y a las y a las cinco vamos para el Miami Fair .,16,13,el,spa,el,13,,DET,15,Fair,det,repitition,,,,,,
45797,y a las y a las y a las cinco vamos para el Miami Fair .,16,14,Miami,eng,Miami,14,,NOUN,15,Fair,nmod,repitition,,,,,,
45797,y a las y a las y a las cinco vamos para el Miami Fair .,16,15,Fair,eng,Fair,15,,NOUN,11,vamos,obl,repitition,,,,,,
45797,y a las y a las y a las cinco vamos para el Miami Fair .,16,16,.,0,.,16,,PUNCT,11,vamos,punct,repitition,,,,,,
946,entonces then I will I will I will not be buying any stuff for you this weekend .,18,1,entonces,spa,entonces,1,,ADV,11,buying,discourse,"repitition, code-switched repetition",,,,,,
946,entonces then I will I will I will not be buying any stuff for you this weekend .,18,2,then,eng,then,2,,ADV,11,buying,rep,"repitition, code-switched repetition",,,,,,
946,entonces then I will I will I will not be buying any stuff for you this weekend .,18,3,I,eng,I,3,,PRON,4,will,nsubj,"repitition, code-switched repetition",,,,,,
946,entonces then I will I will I will not be buying any stuff for you this weekend .,18,4,will,eng,will,4,,AUX,11,buying,aux,"repitition, code-switched repetition",,,,,,
946,entonces then I will I will I will not be buying any stuff for you this weekend .,18,5,I,eng,I,5,,PRON,4,will,rep,"repitition, code-switched repetition",,,,,,
946,entonces then I will I will I will not be buying any stuff for you this weekend .,18,6,will,eng,will,6,,AUX,11,buying,rep,"repitition, code-switched repetition",,,,,,
946,entonces then I will I will I will not be buying any stuff for you this weekend .,18,7,I,eng,I,7,,PRON,4,will,rep,"repitition, code-switched repetition",,,,,,
946,entonces then I will I will I will not be buying any stuff for you this weekend .,18,8,will,eng,will,8,,AUX,11,buying,rep,"repitition, code-switched repetition",,,,,,
946,entonces then I will I will I will not be buying any stuff for you this weekend .,18,9,not,eng,not,9,,ADV,11,buying,advmod,"repitition, code-switched repetition",,,,,,
946,entonces then I will I will I will not be buying any stuff for you this weekend .,18,10,be,eng,be,10,,AUX,11,buying,aux,"repitition, code-switched repetition",,,,,,
946,entonces then I will I will I will not be buying any stuff for you this weekend .,18,11,buying,eng,buying,11,,VERB,0,root,root,"repitition, code-switched repetition",,,,,,
946,entonces then I will I will I will not be buying any stuff for you this weekend .,18,12,any,eng,any,12,,DET,13,stuff,det,"repitition, code-switched repetition",,,,,,
946,entonces then I will I will I will not be buying any stuff for you this weekend .,18,13,stuff,eng,stuff,13,,NOUN,11,buying,obj,"repitition, code-switched repetition",,,,,,
946,entonces then I will I will I will not be buying any stuff for you this weekend .,18,14,for,eng,for,14,,ADP,15,you,case,"repitition, code-switched repetition",,,,,,
946,entonces then I will I will I will not be buying any stuff for you this weekend .,18,15,you,eng,you,15,,PRON,14,for,iobj,"repitition, code-switched repetition",,,,,,
946,entonces then I will I will I will not be buying any stuff for you this weekend .,18,16,this,eng,this,16,,DET,17,weekend,det,"repitition, code-switched repetition",,,,,,
946,entonces then I will I will I will not be buying any stuff for you this weekend .,18,17,weekend,eng,weekend,17,,NOUN,11,buying,advmod,"repitition, code-switched repetition",,,,,,
946,entonces then I will I will I will not be buying any stuff for you this weekend .,18,18,.,0,.,18,,PUNCT,11,buying,punct,"repitition, code-switched repetition",,,,,,
1611,I mean the el bote el bote el el boat .,11,1,I,eng,I,1,,,,nan,,"code-switched repetition, repitition",,,,,,
1611,I mean the el bote el bote el el boat .,11,2,mean,eng,mean,2,,,,nan,,"code-switched repetition, repitition",,,,,,
1611,I mean the el bote el bote el el boat .,11,,,,I_mean,1.1,,PART,5,bote,discourse,"code-switched repetition, repitition",,,,,,
1611,I mean the el bote el bote el el boat .,11,3,the,eng,the,3,,DET,5,bote,det,"code-switched repetition, repitition",,,,,,
1611,I mean the el bote el bote el el boat .,11,4,el,spa,el,4,,DET,5,bote,rep,"code-switched repetition, repitition",,,,,,
1611,I mean the el bote el bote el el boat .,11,5,bote,spa,bote,5,,NOUN,0,root,root,"code-switched repetition, repitition",,,,,,
1611,I mean the el bote el bote el el boat .,11,6,el,spa,el,6,,DET,7,bote,rep,"code-switched repetition, repitition",,,,,,
1611,I mean the el bote el bote el el boat .,11,7,bote,spa,bote,7,,NOUN,5,bote,rep,"code-switched repetition, repitition",,,,,,
1611,I mean the el bote el bote el el boat .,11,8,el,spa,el,8,,DET,10,boat,rep,"code-switched repetition, repitition",,,,,,
1611,I mean the el bote el bote el el boat .,11,9,el,spa,el,9,,DET,10,boat,rep,"code-switched repetition, repitition",,,,,,
1611,I mean the el bote el bote el el boat .,11,10,boat,eng,boat,10,,NOUN,5,bote,rep,"code-switched repetition, repitition",,,,,,
1611,I mean the el bote el bote el el boat .,11,11,.,0,.,11,,PUNCT,5,bote,punct,"code-switched repetition, repitition",,,,,,
5941,it it sounds like you're saying escúpame .,8,1,it,eng,it,1,,PRON,3,sounds,expletive,"repitition, contraction eng, enclisis",,,,,,
5941,it it sounds like you're saying escúpame .,8,2,it,eng,it,2,,PRON,3,sounds,rep,"repitition, contraction eng, enclisis",,,,,,
5941,it it sounds like you're saying escúpame .,8,3,sounds,eng,sounds,3,,VERB,0,root,root,"repitition, contraction eng, enclisis",,,,,,
5941,it it sounds like you're saying escúpame .,8,4,like,eng,like,4,,SCONJ,3,sounds,mark,"repitition, contraction eng, enclisis",,,,,,
5941,it it sounds like you're saying escúpame .,8,5,you're,eng,you're,5,,PRON,7,saying,nsubj,"repitition, contraction eng, enclisis",,,,,,
5941,it it sounds like you're saying escúpame .,8,,,,re,6,,AUX,7,saying,aux,"repitition, contraction eng, enclisis",,,,,,
5941,it it sounds like you're saying escúpame .,8,6,saying,eng,saying,7,,VERB,3,sounds,ccomp,"repitition, contraction eng, enclisis",,,,,,
5941,it it sounds like you're saying escúpame .,8,7,escúpame,eng,escúpa,8,,VERB,7,saying,ccomp,"repitition, contraction eng, enclisis",,,,,,
5941,it it sounds like you're saying escúpame .,8,,,,me,9,,PRON,8,escúpa,obj,"repitition, contraction eng, enclisis",,,,,,
5941,it it sounds like you're saying escúpame .,8,8,.,0,.,10,,PUNCT,7,saying,punct,"repitition, contraction eng, enclisis",,,,,,
10039,y tenía un tenía un otro perrito que era blanco pero estaba rosado rosado rosado pink .,17,1,y,spa,y,1,,CCONJ,2,tenía,cc,"repitition, code-switched repetition",,,,,,
10039,y tenía un tenía un otro perrito que era blanco pero estaba rosado rosado rosado pink .,17,2,tenía,spa,tenía,2,,VERB,0,root,root,"repitition, code-switched repetition",,,,,,
10039,y tenía un tenía un otro perrito que era blanco pero estaba rosado rosado rosado pink .,17,3,un,spa,un,3,,DET,7,perrito,det,"repitition, code-switched repetition",,,,,,
10039,y tenía un tenía un otro perrito que era blanco pero estaba rosado rosado rosado pink .,17,4,tenía,spa,tenía,4,,VERB,2,tenía,rep,"repitition, code-switched repetition",,,,,,
10039,y tenía un tenía un otro perrito que era blanco pero estaba rosado rosado rosado pink .,17,5,un,spa,un,5,,DET,7,perrito,rep,"repitition, code-switched repetition",,,,,,
10039,y tenía un tenía un otro perrito que era blanco pero estaba rosado rosado rosado pink .,17,6,otro,spa,otro,6,,ADJ,7,perrito,amod,"repitition, code-switched repetition",,,,,,
10039,y tenía un tenía un otro perrito que era blanco pero estaba rosado rosado rosado pink .,17,7,perrito,spa,perrito,7,,NOUN,2,tenía,obj,"repitition, code-switched repetition",,,,,,
10039,y tenía un tenía un otro perrito que era blanco pero estaba rosado rosado rosado pink .,17,8,que,spa,que,8,,SCONJ,10,blanco,mark,"repitition, code-switched repetition",,,,,,
10039,y tenía un tenía un otro perrito que era blanco pero estaba rosado rosado rosado pink .,17,9,era,spa,era,9,,AUX,10,blanco,cop,"repitition, code-switched repetition",,,,,,
10039,y tenía un tenía un otro perrito que era blanco pero estaba rosado rosado rosado pink .,17,10,blanco,spa,blanco,10,,ADJ,7,perrito,amod,"repitition, code-switched repetition",,,,,,
10039,y tenía un tenía un otro perrito que era blanco pero estaba rosado rosado rosado pink .,17,11,pero,spa,pero,11,,CCONJ,13,rosado,discourse,"repitition, code-switched repetition",,,,,,
10039,y tenía un tenía un otro perrito que era blanco pero estaba rosado rosado rosado pink .,17,12,estaba,spa,estaba,12,,AUX,13,rosado,cop,"repitition, code-switched repetition",,,,,,
10039,y tenía un tenía un otro perrito que era blanco pero estaba rosado rosado rosado pink .,17,13,rosado,spa,rosado,13,,ADJ,7,perrito,conj,"repitition, code-switched repetition",,,,,,
10039,y tenía un tenía un otro perrito que era blanco pero estaba rosado rosado rosado pink .,17,14,rosado,spa,rosado,14,,ADJ,7,perrito,rep,"repitition, code-switched repetition",,,,,,
10039,y tenía un tenía un otro perrito que era blanco pero estaba rosado rosado rosado pink .,17,15,rosado,spa,rosado,15,,ADJ,7,perrito,rep,"repitition, code-switched repetition",,,,,,
10039,y tenía un tenía un otro perrito que era blanco pero estaba rosado rosado rosado pink .,17,16,pink,eng,pink,16,,ADJ,7,perrito,rep,"repitition, code-switched repetition",,,,,,
10039,y tenía un tenía un otro perrito que era blanco pero estaba rosado rosado rosado pink .,17,17,.,0,.,17,,PUNCT,7,perrito,punct,"repitition, code-switched repetition",,,,,,
14008,Sean me estaba diciendo que le estaba he he was making fun of Curtis .,15,1,Sean,eng&spa,Sean,1,,PROPN,4,diciendo,nsubj,"code-switched repetition, repitition, break of thought",,,,,,
14008,Sean me estaba diciendo que le estaba he he was making fun of Curtis .,15,2,me,spa,me,2,,PRON,4,diciendo,iobj,"code-switched repetition, repitition, break of thought",,,,,,
14008,Sean me estaba diciendo que le estaba he he was making fun of Curtis .,15,3,estaba,spa,estaba,3,,AUX,4,diciendo,aux,"code-switched repetition, repitition, break of thought",,,,,,
14008,Sean me estaba diciendo que le estaba he he was making fun of Curtis .,15,4,diciendo,spa,diciendo,4,,VERB,0,root,root,"code-switched repetition, repitition, break of thought",,,,,,
14008,Sean me estaba diciendo que le estaba he he was making fun of Curtis .,15,5,que,spa,que,5,,SCONJ,11,making,mark,"code-switched repetition, repitition, break of thought",,,,,,
14008,Sean me estaba diciendo que le estaba he he was making fun of Curtis .,15,6,le,spa,le,6,,PRON,7,estaba,iobj,"code-switched repetition, repitition, break of thought",,,,,,
14008,Sean me estaba diciendo que le estaba he he was making fun of Curtis .,15,7,estaba,spa,estaba,7,,AUX,4,diciendo,dep,"code-switched repetition, repitition, break of thought",,,,,,
14008,Sean me estaba diciendo que le estaba he he was making fun of Curtis .,15,8,he,eng,he,8,,PRON,11,making,nsubj,"code-switched repetition, repitition, break of thought",,,,,,
14008,Sean me estaba diciendo que le estaba he he was making fun of Curtis .,15,9,he,eng,he,9,,PRON,11,making,rep,"code-switched repetition, repitition, break of thought",,,,,,
14008,Sean me estaba diciendo que le estaba he he was making fun of Curtis .,15,10,was,eng,was,10,,AUX,11,making,aux,"code-switched repetition, repitition, break of thought",,,,,,
14008,Sean me estaba diciendo que le estaba he he was making fun of Curtis .,15,11,making,eng,making,11,,VERB,4,diciendo,ccomp,"code-switched repetition, repitition, break of thought",,,,,,
14008,Sean me estaba diciendo que le estaba he he was making fun of Curtis .,15,12,fun,eng,fun,12,,NOUN,11,making,obj,"code-switched repetition, repitition, break of thought",,,,,,
14008,Sean me estaba diciendo que le estaba he he was making fun of Curtis .,15,13,of,eng,of,13,,ADP,14,Curtis,case,"code-switched repetition, repitition, break of thought",,,,,,
14008,Sean me estaba diciendo que le estaba he he was making fun of Curtis .,15,14,Curtis,eng&spa,Curtis,14,,PROPN,11,making,obl,"code-switched repetition, repitition, break of thought",,,,,,
14008,Sean me estaba diciendo que le estaba he he was making fun of Curtis .,15,15,.,0,.,15,,PUNCT,,nan,punct,"code-switched repetition, repitition, break of thought",,,,,,
14683,yes sí sí los he visto .,7,1,yes,eng,yes,1,,ADV,6,visto,discourse,"code-switched repetition, repitition",,,,,,
14683,yes sí sí los he visto .,7,2,sí,spa,sí,2,,ADV,6,visto,rep,"code-switched repetition, repitition",,,,,,
14683,yes sí sí los he visto .,7,3,sí,spa,sí,3,,ADV,6,visto,rep,"code-switched repetition, repitition",,,,,,
14683,yes sí sí los he visto .,7,4,los,spa,los,4,,PRON,6,visto,obj,"code-switched repetition, repitition",,,,,,
14683,yes sí sí los he visto .,7,5,he,spa,he,5,,AUX,6,visto,aux,"code-switched repetition, repitition",,,,,,
14683,yes sí sí los he visto .,7,6,visto,spa,visto,6,,VERB,0,root,root,"code-switched repetition, repitition",,,,,,
14683,yes sí sí los he visto .,7,7,.,0,.,7,,PUNCT,6,visto,punct,"code-switched repetition, repitition",,,,,,
14905,pero pero el cáncer de páncreas es it's hard .,10,1,pero,spa,pero,1,,CCONJ,4,cáncer,discourse,"code-switched repetition, repitition",,,,,,
14905,pero pero el cáncer de páncreas es it's hard .,10,2,pero,spa,pero,2,,CCONJ,4,cáncer,rep,"code-switched repetition, repitition",,,,,,
14905,pero pero el cáncer de páncreas es it's hard .,10,3,el,spa,el,3,,DET,4,cáncer,det,"code-switched repetition, repitition",,,,,,
14905,pero pero el cáncer de páncreas es it's hard .,10,4,cáncer,spa,cáncer,4,,NOUN,9,hard,nsubj,"code-switched repetition, repitition",,,,,,
14905,pero pero el cáncer de páncreas es it's hard .,10,5,de,spa,de,5,,ADP,4,cáncer,case,"code-switched repetition, repitition",,,,,,
14905,pero pero el cáncer de páncreas es it's hard .,10,6,páncreas,spa,páncreas,6,,NOUN,4,cáncer,nmod,"code-switched repetition, repitition",,,,,,
14905,pero pero el cáncer de páncreas es it's hard .,10,7,es,spa,es,7,,AUX,9,hard,cop,"code-switched repetition, repitition",,,,,,
14905,pero pero el cáncer de páncreas es it's hard .,10,8,it's,eng,it,8,,PRON,9,hard,rep,"code-switched repetition, repitition",,,,,,
14905,pero pero el cáncer de páncreas es it's hard .,10,,,,s,8,,AUX,9,hard,rep,"code-switched repetition, repitition",,,,,,
14905,pero pero el cáncer de páncreas es it's hard .,10,9,hard,eng,hard,9,,ADJ,0,root,root,"code-switched repetition, repitition",,,,,,
14905,pero pero el cáncer de páncreas es it's hard .,10,10,.,0,.,10,,PUNCT,9,hard,punct,"code-switched repetition, repitition",,,,,,
24982,ellos son lo lo they're the best .,8,1,ellos,spa,ellos,1,,PRON,2,son,nsubj,"code-switched repetition, repitition",,,,,,
24982,ellos son lo lo they're the best .,8,2,son,spa,son,2,,AUX,8,best,cop,"code-switched repetition, repitition",,,,,,
24982,ellos son lo lo they're the best .,8,3,lo,spa,lo,3,,DET,8,best,det,"code-switched repetition, repitition",,,,,,
24982,ellos son lo lo they're the best .,8,4,lo,spa,lo,4,,DET,8,best,rep,"code-switched repetition, repitition",,,,,,
24982,ellos son lo lo they're the best .,8,5,they're,eng,they,5,,PRON,6,re,rep,"code-switched repetition, repitition",,,,,,
24982,ellos son lo lo they're the best .,8,,,,re,6,,AUX,8,best,rep,"code-switched repetition, repitition",,,,,,
24982,ellos son lo lo they're the best .,8,6,the,eng,the,7,,DET,8,best,rep,"code-switched repetition, repitition",,,,,,
24982,ellos son lo lo they're the best .,8,7,best,eng,best,8,,ADJ,0,root,root,"code-switched repetition, repitition",,,,,,
24982,ellos son lo lo they're the best .,8,8,.,eng,.,9,,PUNCT,8,best,punct,"code-switched repetition, repitition",,,,,,
25404,definitely it doesn't have no tiene no tiene sentido .,10,1,definitely,eng,definitely,1,,ADV,3,does,discourse,"contraction eng, code-switched repetition, repitition",,,,,,
25404,definitely it doesn't have no tiene no tiene sentido .,10,2,it,eng,it,2,,PRON,3,does,nsubj,"contraction eng, code-switched repetition, repitition",,,,,,
25404,definitely it doesn't have no tiene no tiene sentido .,10,3,doesn't,eng,does,3,,AUX,5,have,aux,"contraction eng, code-switched repetition, repitition",,,,,,
25404,definitely it doesn't have no tiene no tiene sentido .,10,,,,n't,4,,ADV,5,have,advmod,"contraction eng, code-switched repetition, repitition",,,,,,
25404,definitely it doesn't have no tiene no tiene sentido .,10,4,have,eng,have,5,,VERB,7,tiene,rep,"contraction eng, code-switched repetition, repitition",,,,,,
25404,definitely it doesn't have no tiene no tiene sentido .,10,5,no,eng,no,6,,ADV,7,tiene,advmod,"contraction eng, code-switched repetition, repitition",,,,,,
25404,definitely it doesn't have no tiene no tiene sentido .,10,6,tiene,spa,tiene,7,,VERB,0,root,root,"contraction eng, code-switched repetition, repitition",,,,,,
25404,definitely it doesn't have no tiene no tiene sentido .,10,7,no,spa,no,8,,ADV,9,tiene,rep,"contraction eng, code-switched repetition, repitition",,,,,,
25404,definitely it doesn't have no tiene no tiene sentido .,10,8,tiene,spa,tiene,9,,VERB,7,tiene,rep,"contraction eng, code-switched repetition, repitition",,,,,,
25404,definitely it doesn't have no tiene no tiene sentido .,10,9,sentido,spa,sentido,10,,NOUN,7,tiene,obj,"contraction eng, code-switched repetition, repitition",,,,,,
25404,definitely it doesn't have no tiene no tiene sentido .,10,10,.,spa,.,11,,PUNCT,7,tiene,punct,"contraction eng, code-switched repetition, repitition",,,,,,
26267,so ella ella es la jefa de Linda ?,9,1,so,eng,so,1,,ADV,6,jefa,discourse,"repitition, discourse",,,,,,
26267,so ella ella es la jefa de Linda ?,9,2,ella,spa,ella,2,,PRON,6,jefa,nsubj,"repitition, discourse",,,,,,
26267,so ella ella es la jefa de Linda ?,9,3,ella,spa,ella,3,,PRON,6,jefa,rep,"repitition, discourse",,,,,,
26267,so ella ella es la jefa de Linda ?,9,4,es,spa,es,4,,AUX,6,jefa,cop,"repitition, discourse",,,,,,
26267,so ella ella es la jefa de Linda ?,9,5,la,spa,la,5,,DET,6,jefa,det,"repitition, discourse",,,,,,
26267,so ella ella es la jefa de Linda ?,9,6,jefa,spa,jefa,6,,NOUN,0,root,root,"repitition, discourse",,,,,,
26267,so ella ella es la jefa de Linda ?,9,7,de,spa,de,7,,ADP,8,Linda,case,"repitition, discourse",,,,,,
26267,so ella ella es la jefa de Linda ?,9,8,Linda,eng&spa,Linda,8,,PROPN,6,jefa,nmod,"repitition, discourse",,,,,,
26267,so ella ella es la jefa de Linda ?,9,9,?,0,?,9,,PUNCT,6,jefa,punct,"repitition, discourse",,,,,,
28099,tú sabes you know no tengo tiempo para eso .,10,1,tú,spa,tú,1,,PRON,2,sabes,nsubj,"repitition, discourse, code-switched repetition",,,,,,
28099,tú sabes you know no tengo tiempo para eso .,10,2,sabes,spa,sabes,2,,VERB,0,root,root,"repitition, discourse, code-switched repetition",,,,,,
28099,tú sabes you know no tengo tiempo para eso .,10,3,you,eng,you,3,,PRON,4,know,rep,"repitition, discourse, code-switched repetition",,,,,,
28099,tú sabes you know no tengo tiempo para eso .,10,4,know,eng,know,4,,VERB,2,sabes,rep,"repitition, discourse, code-switched repetition",,,,,,
28099,tú sabes you know no tengo tiempo para eso .,10,5,no,spa,no,5,,ADV,6,tengo,advmod,"repitition, discourse, code-switched repetition",,,,,,
28099,tú sabes you know no tengo tiempo para eso .,10,6,tengo,spa,tengo,6,,VERB,2,sabes,ccomp,"repitition, discourse, code-switched repetition",,,,,,
28099,tú sabes you know no tengo tiempo para eso .,10,7,tiempo,spa,tiempo,7,,NOUN,6,tengo,obj,"repitition, discourse, code-switched repetition",,,,,,
28099,tú sabes you know no tengo tiempo para eso .,10,8,para,spa,para,8,,ADP,9,eso,case,"repitition, discourse, code-switched repetition",,,,,,
28099,tú sabes you know no tengo tiempo para eso .,10,9,eso,spa,eso,9,,DET,7,tiempo,obl,"repitition, discourse, code-switched repetition",,,,,,
28099,tú sabes you know no tengo tiempo para eso .,10,10,.,0,.,10,,PUNCT,6,tengo,punct,"repitition, discourse, code-switched repetition",,,,,,
29603,that ese documental estaba duro duro .,7,1,that,eng,that,1,,DET,3,documental,det,"repitition, code-switched repetition",,,,,,
29603,that ese documental estaba duro duro .,7,2,ese,spa,ese,2,,DET,3,documental,rep,"repitition, code-switched repetition",,,,,,
29603,that ese documental estaba duro duro .,7,3,documental,spa,documental,3,,NOUN,5,duro,nsubj,"repitition, code-switched repetition",,,,,,
29603,that ese documental estaba duro duro .,7,4,estaba,spa,estaba,4,,AUX,5,duro,cop,"repitition, code-switched repetition",,,,,,
29603,that ese documental estaba duro duro .,7,5,duro,spa,duro,5,,ADJ,0,root,root,"repitition, code-switched repetition",,,,,,
29603,that ese documental estaba duro duro .,7,6,duro,spa,duro,6,,ADJ,5,duro,rep,"repitition, code-switched repetition",,,,,,
29603,that ese documental estaba duro duro .,7,7,.,0,.,7,,PUNCT,5,duro,punct,"repitition, code-switched repetition",,,,,,
35770,like o sea estamos en en Florida loco .,9,1,like,eng,like,1,,ADP,7,Florida,discourse,"discourse, code-switched repetition, repitition",,,,,,
35770,like o sea estamos en en Florida loco .,9,2,o,spa,o,2,,,,nan,,"discourse, code-switched repetition, repitition",,,,,,
35770,like o sea estamos en en Florida loco .,9,3,sea,spa,sea,3,,,,nan,,"discourse, code-switched repetition, repitition",,,,,,
35770,like o sea estamos en en Florida loco .,9,,,,o_sea,2.1,,PART,7,Florida,discourse,"discourse, code-switched repetition, repitition",,,,,,
35770,like o sea estamos en en Florida loco .,9,4,estamos,spa,estamos,4,,AUX,7,Florida,cop,"discourse, code-switched repetition, repitition",,,,,,
35770,like o sea estamos en en Florida loco .,9,5,en,spa,en,5,,ADP,7,Florida,case,"discourse, code-switched repetition, repitition",,,,,,
35770,like o sea estamos en en Florida loco .,9,6,en,spa,en,6,,ADP,7,Florida,rep,"discourse, code-switched repetition, repitition",,,,,,
35770,like o sea estamos en en Florida loco .,9,7,Florida,eng&spa,Florida,7,,PROPN,0,root,root,"discourse, code-switched repetition, repitition",,,,,,
35770,like o sea estamos en en Florida loco .,9,8,loco,spa,loco,8,,INTJ,7,Florida,discourse,"discourse, code-switched repetition, repitition",,,,,,
35770,like o sea estamos en en Florida loco .,9,9,.,0,.,9,,PUNCT,7,Florida,punct,"discourse, code-switched repetition, repitition",,,,,,
45881,a ti te encanta ponerme de mal humor because I know you like te encanta .,16,1,a,spa,a,1,,ADP,2,ti,case,"repitition, code-switched repetition",,,,,,
45881,a ti te encanta ponerme de mal humor because I know you like te encanta .,16,2,ti,spa,ti,2,,PRON,4,encanta,iobj,"repitition, code-switched repetition",,,,,,
45881,a ti te encanta ponerme de mal humor because I know you like te encanta .,16,3,te,spa,te,3,,PRON,4,encanta,expl,"repitition, code-switched repetition",,,,,,
45881,a ti te encanta ponerme de mal humor because I know you like te encanta .,16,4,encanta,spa,encanta,4,,VERB,0,root,root,"repitition, code-switched repetition",,,,,,
45881,a ti te encanta ponerme de mal humor because I know you like te encanta .,16,5,ponerme,spa,poner,5,,VERB,4,encanta,ccomp,"repitition, code-switched repetition",,,,,,
45881,a ti te encanta ponerme de mal humor because I know you like te encanta .,16,,,,me,5,,PRON,5,me,obj,"repitition, code-switched repetition",,,,,,
45881,a ti te encanta ponerme de mal humor because I know you like te encanta .,16,6,de,spa,de,6,,ADP,8,humor,case,"repitition, code-switched repetition",,,,,,
45881,a ti te encanta ponerme de mal humor because I know you like te encanta .,16,7,mal,spa,mal,7,,ADJ,8,humor,amod,"repitition, code-switched repetition",,,,,,
45881,a ti te encanta ponerme de mal humor because I know you like te encanta .,16,8,humor,spa,humor,8,,NOUN,5,me,advmod,"repitition, code-switched repetition",,,,,,
45881,a ti te encanta ponerme de mal humor because I know you like te encanta .,16,9,because,eng,because,9,,SCONJ,11,know,mark,"repitition, code-switched repetition",,,,,,
45881,a ti te encanta ponerme de mal humor because I know you like te encanta .,16,10,I,eng,I,10,,PRON,11,know,nsubj,"repitition, code-switched repetition",,,,,,
45881,a ti te encanta ponerme de mal humor because I know you like te encanta .,16,11,know,eng,know,11,,VERB,4,encanta,ccomp,"repitition, code-switched repetition",,,,,,
45881,a ti te encanta ponerme de mal humor because I know you like te encanta .,16,12,you,eng,you,12,,PRON,13,like,nsubj,"repitition, code-switched repetition",,,,,,
45881,a ti te encanta ponerme de mal humor because I know you like te encanta .,16,13,like,eng,like,13,,VERB,11,know,ccomp,"repitition, code-switched repetition",,,,,,
45881,a ti te encanta ponerme de mal humor because I know you like te encanta .,16,14,te,spa,te,14,,PRON,15,encanta,rep,"repitition, code-switched repetition",,,,,,
45881,a ti te encanta ponerme de mal humor because I know you like te encanta .,16,15,encanta,spa,encanta,15,,VERB,11,know,rep,"repitition, code-switched repetition",,,,,,
45881,a ti te encanta ponerme de mal humor because I know you like te encanta .,16,16,.,0,.,16,,PUNCT,5,me,punct,"repitition, code-switched repetition",,,,,,
51863,esto qué what is this Ramón esto you know ?,10,1,esto,spa,esto,1,,PRON,4,is,nsubj,"repitition, discourse, code-switched repetition",,,,,,
51863,esto qué what is this Ramón esto you know ?,10,2,qué,spa,qué,2,,ADV,1,esto,obj,"repitition, discourse, code-switched repetition",,,,,,
51863,esto qué what is this Ramón esto you know ?,10,3,what,eng,what,3,,ADV,1,esto,rep,"repitition, discourse, code-switched repetition",,,,,,
51863,esto qué what is this Ramón esto you know ?,10,4,is,eng,is,4,,AUX,0,root,root,"repitition, discourse, code-switched repetition",,,,,,
51863,esto qué what is this Ramón esto you know ?,10,5,this,eng,this,5,,PRON,4,is,rep,"repitition, discourse, code-switched repetition",,,,,,
51863,esto qué what is this Ramón esto you know ?,10,6,Ramón,spa,Ramón,6,,PROPN,4,is,vocative,"repitition, discourse, code-switched repetition",,,,,,
51863,esto qué what is this Ramón esto you know ?,10,7,esto,spa,esto,7,,DET,4,is,rep,"repitition, discourse, code-switched repetition",,,,,,
51863,esto qué what is this Ramón esto you know ?,10,8,you,eng,you,8,,,,nan,,"repitition, discourse, code-switched repetition",,,,,,
51863,esto qué what is this Ramón esto you know ?,10,9,know,eng,know,9,,,,nan,,"repitition, discourse, code-switched repetition",,,,,,
51863,esto qué what is this Ramón esto you know ?,10,,,,you_know,8.1,,PART,4,is,discourse,"repitition, discourse, code-switched repetition",,,,,,
51863,esto qué what is this Ramón esto you know ?,10,10,?,0,?,10,,PUNCT,4,is,punct,"repitition, discourse, code-switched repetition",,,,,,
1544,you're a monster abuela .,5,1,you're,eng,you,1,,PRON,2, 're,nsubj,contraction eng,,,,,,
1544,you're a monster abuela .,5,,,, 're,2,,AUX,4,monster,cop,contraction eng,,,,,,
1544,you're a monster abuela .,5,2,a,eng,a,3,,DET,4,monster,det,contraction eng,,,,,,
1544,you're a monster abuela .,5,3,monster,eng,monster,4,,NOUN,0,root,root,contraction eng,,,,,,
1544,you're a monster abuela .,5,4,abuela,eng,abuela,5,,PRON,4,monster,vocative,contraction eng,,,,,,
1544,you're a monster abuela .,5,5,.,0,.,6,,PUNCT,4,monster,punct,contraction eng,,,,,,
7567,sí porque entonces how do we know it's gonna be the same amount right ?,15,1,sí,spa,sí,1,,ADV,2,porque,ccomp,contraction eng,,,,,,
7567,sí porque entonces how do we know it's gonna be the same amount right ?,15,2,porque,spa,porque,2,,SCONJ,7,know,cc,contraction eng,,,,,,
7567,sí porque entonces how do we know it's gonna be the same amount right ?,15,3,entonces,spa,entonces,3,,ADV,7,know,advmod,contraction eng,,,,,,
7567,sí porque entonces how do we know it's gonna be the same amount right ?,15,4,how,eng,how,4,,ADV,4,how,advmod,contraction eng,,,,,,
7567,sí porque entonces how do we know it's gonna be the same amount right ?,15,5,do,eng,do,5,,AUX,7,know,aux,contraction eng,,,,,,
7567,sí porque entonces how do we know it's gonna be the same amount right ?,15,6,we,eng,we,6,,PRON,7,know,nsubj,contraction eng,,,,,,
7567,sí porque entonces how do we know it's gonna be the same amount right ?,15,7,know,eng,know,7,,VERB,0,root,root,contraction eng,,,,,,
7567,sí porque entonces how do we know it's gonna be the same amount right ?,15,8,it's,eng,it,8,,PRON,8,it,nsubj,contraction eng,,,,,,
7567,sí porque entonces how do we know it's gonna be the same amount right ?,15,,,,s,9,,AUX,13,same,cop,contraction eng,,,,,,
7567,sí porque entonces how do we know it's gonna be the same amount right ?,15,9,gonna,eng,gonna,10,,VERB,11,be,ccomp,contraction eng,,,,,,
7567,sí porque entonces how do we know it's gonna be the same amount right ?,15,10,be,eng,be,11,,AUX,14,amount,cop,contraction eng,,,,,,
7567,sí porque entonces how do we know it's gonna be the same amount right ?,15,11,the,eng,the,12,,DET,14,amount,det,contraction eng,,,,,,
7567,sí porque entonces how do we know it's gonna be the same amount right ?,15,12,same,eng,same,13,,ADJ,14,amount,amod,contraction eng,,,,,,
7567,sí porque entonces how do we know it's gonna be the same amount right ?,15,13,amount,eng,amount,14,,NOUN,7,know,obj,contraction eng,,,,,,
7567,sí porque entonces how do we know it's gonna be the same amount right ?,15,14,right,eng,right,15,,ADJ,7,know,discourse,contraction eng,,,,,,
7567,sí porque entonces how do we know it's gonna be the same amount right ?,15,15,?,0,?,16,,PUNCT,7,know,punct,contraction eng,,,,,,
14938,y se disolvió I mean it's gone .,8,1,y,spa,y,1,,CCONJ,3,disolvió,cc,contraction eng,,,,,,
14938,y se disolvió I mean it's gone .,8,2,se,eng,se,2,,PRON,3,disolvió,expl,contraction eng,,,,,,
14938,y se disolvió I mean it's gone .,8,3,disolvió,spa,disolvió,3,,VERB,0,root,root,contraction eng,,,,,,
14938,y se disolvió I mean it's gone .,8,4,I,eng,I,4,,,,nan,,contraction eng,,,,,,
14938,y se disolvió I mean it's gone .,8,5,mean,eng,mean,5,,,,nan,,contraction eng,,,,,,
14938,y se disolvió I mean it's gone .,,,,,I_mean,5.1,,PART,3,disolvió,discourse,contraction eng,,,,,,
14938,y se disolvió I mean it's gone .,8,6,it's,eng,it,6,,PRON,8,gone,nsubj,contraction eng,,,,,,
14938,y se disolvió I mean it's gone .,8,,,,s,7,,AUX,8,gone,cop,contraction eng,,,,,,
14938,y se disolvió I mean it's gone .,8,7,gone,eng,gone,8,,ADJ,3,disolvió,ccomp,contraction eng,,,,,,
14938,y se disolvió I mean it's gone .,8,8,.,0,.,9,,PUNCT,,nan,,contraction eng,,,,,,
23432,pero what's your problem ?,5,1,pero,spa,pero,1,,CCONJ,5,problem,discourse,contraction eng,,,,,,
23432,pero what's your problem ?,5,2,what's,eng,what,2,,PRON,5,problem,nsubj,contraction eng,,,,,,
23432,pero what's your problem ?,5,,,, 's,3,,AUX,5,problem,cop,contraction eng,,,,,,
23432,pero what's your problem ?,5,3,your,eng,your,4,,PRON,5,problem,det,contraction eng,,,,,,
23432,pero what's your problem ?,5,4,problem,eng,problem,5,,NOUN,0,root,root,contraction eng,,,,,,
23432,pero what's your problem ?,5,5,?,0,?,6,,PUNCT,5,problem,punct,contraction eng,,,,,,
24545,sí let's talk about our aunts .,7,1,sí,spa,sí,1,,ADV,4,talk,advcl,contraction eng,,,,,,
24545,sí let's talk about our aunts .,7,2,let's,eng,let,2,,VERB,0,root,root,contraction eng,,,,,,
24545,sí let's talk about our aunts .,7,,,,s,3,,PRON,2,let,obj,contraction eng,,,,,,
24545,sí let's talk about our aunts .,7,3,talk,eng,talk,4,,VERB,2,let,xcomp,contraction eng,,,,,,
24545,sí let's talk about our aunts .,7,4,about,eng,about,5,,ADP,6,our,mark,contraction eng,,,,,,
24545,sí let's talk about our aunts .,7,5,our,eng,our,6,,PRON,7,aunts,det,contraction eng,,,,,,
24545,sí let's talk about our aunts .,7,6,aunts,eng,aunts,7,,NOUN,4,talk,obl,contraction eng,,,,,,
24545,sí let's talk about our aunts .,7,7,.,eng,.,8,,PUNCT,4,talk,punct,contraction eng,,,,,,
24545,sí let's talk about our aunts .,7,8,,0,,,,,,nan,,contraction eng,,,,,,
26889,mi entonces ahora you wanna speak Spanish !,8,1,mi,spa,mi,1,,PRON,6,speak,dep,contraction eng,,,,,,
26889,mi entonces ahora you wanna speak Spanish !,8,2,entonces,spa,entonces,2,,ADV,6,speak,discourse,contraction eng,,,,,,
26889,mi entonces ahora you wanna speak Spanish !,8,3,ahora,spa,ahora,3,,ADV,6,speak,advcl,contraction eng,,,,,,
26889,mi entonces ahora you wanna speak Spanish !,8,4,you,eng,you,4,,PRON,5,wanna,nsubj,contraction eng,,,,,,
26889,mi entonces ahora you wanna speak Spanish !,8,5,wanna,eng,wanna,5,,AUX,6,speak,ccomp,contraction eng,,,,,,
26889,mi entonces ahora you wanna speak Spanish !,8,6,speak,eng,speak,6,,VERB,0,root,root,contraction eng,,,,,,
26889,mi entonces ahora you wanna speak Spanish !,8,7,Spanish,eng,Spanish,7,,PRON,6,speak,obj,contraction eng,,,,,,
26889,mi entonces ahora you wanna speak Spanish !,8,8,!,0,!,8,,PUNCT,6,speak,punct,contraction eng,,,,,,
28814,she said that she's not gonna give you hard time ni nada .,13,1,she,eng,she,1,,PRON,2,said,nsubj,contraction eng,,,,,,
28814,she said that she's not gonna give you hard time ni nada .,13,2,said,eng,said,2,,VERB,0,root,root,contraction eng,,,,,,
28814,she said that she's not gonna give you hard time ni nada .,13,3,that,eng,that,3,,SCONJ,2,said,mark,contraction eng,,,,,,
28814,she said that she's not gonna give you hard time ni nada .,13,4,she's,eng,she,4,,PRON,4.1, 's,nsubj,contraction eng,,,,,,
28814,she said that she's not gonna give you hard time ni nada .,13,,,, 's,4.1,,AUX,7,give,cop,contraction eng,,,,,,
28814,she said that she's not gonna give you hard time ni nada .,13,5,not,eng,not,5,,PART,6,gonna,advmod,contraction eng,,,,,,
28814,she said that she's not gonna give you hard time ni nada .,13,6,gonna,eng,gonna,6,,AUX,7,give,advcl,contraction eng,,,,,,
28814,she said that she's not gonna give you hard time ni nada .,13,7,give,eng,give,7,,VERB,3,that,root,contraction eng,,,,,,
28814,she said that she's not gonna give you hard time ni nada .,13,8,you,eng,you,8,,NOUN,7,give,iobj,contraction eng,,,,,,
28814,she said that she's not gonna give you hard time ni nada .,13,9,hard,eng,hard,9,,ADJ,10,time,amod,contraction eng,,,,,,
28814,she said that she's not gonna give you hard time ni nada .,13,10,time,eng,time,10,,NOUN,7,give,obj,contraction eng,,,,,,
28814,she said that she's not gonna give you hard time ni nada .,13,11,ni,spa,ni,11,,CCONJ,12,nada,cc ,contraction eng,,,,,,
28814,she said that she's not gonna give you hard time ni nada .,13,12,nada,spa,nada,12,,PRON,7,give,amod,contraction eng,,,,,,
28814,she said that she's not gonna give you hard time ni nada .,13,13,.,0,.,13,,PUNCT,2,said,punct,contraction eng,,,,,,
33332,there's lavender que eso es lavanda .,7,1,there's,eng,there,1,,ADV,3,lavender,expl,contraction eng,,,,,,
33332,there's lavender que eso es lavanda .,7,,,, 's,2,,VERB,3,lavender,cop,contraction eng,,,,,,
33332,there's lavender que eso es lavanda .,7,2,lavender,eng,lavender,3,,NOUN,0,root,root,contraction eng,,,,,,
33332,there's lavender que eso es lavanda .,7,3,que,spa,que,4,,SCONJ,6,es,mark,contraction eng,,,,,,
33332,there's lavender que eso es lavanda .,7,4,eso,spa,eso,5,,PRON,7,lavanda,nsubj,contraction eng,,,,,,
33332,there's lavender que eso es lavanda .,7,5,es,spa,es,6,,AUX,7,lavanda,cop,contraction eng,,,,,,
33332,there's lavender que eso es lavanda .,7,6,lavanda,spa,lavanda,7,,ADJ,3,lavender,acl,contraction eng,,,,,,
33332,there's lavender que eso es lavanda .,7,7,.,0,.,8,,PUNCT,2, 's,punct,contraction eng,,,,,,
36684,y de los attorney's fees no me salvó nadie .,10,1,y,spa,y,1,,CCONJ,9,salvó,cc,contraction eng,,,,,,
36684,y de los attorney's fees no me salvó nadie .,10,2,de,spa,de,2,,ADP,3,los,case,contraction eng,,,,,,
36684,y de los attorney's fees no me salvó nadie .,10,3,los,spa,los,3,,DET,4,attorney,det,contraction eng,,,,,,
36684,y de los attorney's fees no me salvó nadie .,10,4,attorney's,eng,attorney,4,,NOUN,8,me,nmod,contraction eng,,,,,,
36684,y de los attorney's fees no me salvó nadie .,10,,,,s,5,,PART,4,attorney,case,contraction eng,,,,,,
36684,y de los attorney's fees no me salvó nadie .,10,5,fees,eng,fees,6,,NOUN,9,salvó,obl,contraction eng,,,,,,
36684,y de los attorney's fees no me salvó nadie .,10,6,no,spa,no,7,,ADV,9,salvó,advmod,contraction eng,,,,,,
36684,y de los attorney's fees no me salvó nadie .,10,7,me,spa,me,8,,PRON,9,salvó,iobj,contraction eng,,,,,,
36684,y de los attorney's fees no me salvó nadie .,10,8,salvó,spa,salvó,9,,VERB,0,root,root,contraction eng,,,,,,
36684,y de los attorney's fees no me salvó nadie .,10,9,nadie,spa,nadie,10,,PRON,9,salvó,nsubj,contraction eng,,,,,,
36684,y de los attorney's fees no me salvó nadie .,10,10,.,0,.,11,,PUNCT,9,salvó,punct,contraction eng,,,,,,
36958,pero why don't they give it to him a a car ?,12,1,pero,spa,pero,1,,SCONJ,6,give,discourse,contraction eng,,,,,,
36958,pero why don't they give it to him a a car ?,12,2,why,eng,why,2,,ADV,6,give,advmod,contraction eng,,,,,,
36958,pero why don't they give it to him a a car ?,12,3,don't,eng,do,3,,AUX,6,give,aux,contraction eng,,,,,,
36958,pero why don't they give it to him a a car ?,12,,,,n't,4,,ADV,6,give,advmod,contraction eng,,,,,,
36958,pero why don't they give it to him a a car ?,12,4,they,eng,they,5,,PRON,6,give,nsubj,contraction eng,,,,,,
36958,pero why don't they give it to him a a car ?,12,5,give,eng,give,6,,VERB,0,root,root,contraction eng,,,,,,
36958,pero why don't they give it to him a a car ?,12,6,it,eng,it,7,,PRON,6,give,obj,contraction eng,,,,,,
36958,pero why don't they give it to him a a car ?,12,7,to,eng,to,8,,ADP,9,him,mark,contraction eng,,,,,,
36958,pero why don't they give it to him a a car ?,12,8,him,eng,him,9,,PRON,6,give,iobj,contraction eng,,,,,,
36958,pero why don't they give it to him a a car ?,12,9,a,eng,a,10,,DET,12,car,det,contraction eng,,,,,,
36958,pero why don't they give it to him a a car ?,12,10,a,eng,a,11,,DET,12,car,rep,contraction eng,,,,,,
36958,pero why don't they give it to him a a car ?,12,11,car,eng,car,12,,NOUN,6,give,dislocated,contraction eng,,,,,,
36958,pero why don't they give it to him a a car ?,12,12,?,0,?,13,,PUNCT,6,give,punct,contraction eng,,,,,,
722,mira aquí el effective date de tu póliza es julio del ochenta y cinco .,15,1,mira,spa,mira,1,,VERB,0,root,root,contraction spa,,,,,,
722,mira aquí el effective date de tu póliza es julio del ochenta y cinco .,15,2,aquí,spa,aquí,2,,ADV,1,mira,advcl,contraction spa,,,,,,
722,mira aquí el effective date de tu póliza es julio del ochenta y cinco .,15,3,el,spa,el,3,,DET,5,date,det,contraction spa,,,,,,
722,mira aquí el effective date de tu póliza es julio del ochenta y cinco .,15,4,effective,eng,effective,4,,ADJ,5,date,amod,contraction spa,,,,,,
722,mira aquí el effective date de tu póliza es julio del ochenta y cinco .,15,5,date,eng,date,5,,NOUN,1,mira,nsubj,contraction spa,,,,,,
722,mira aquí el effective date de tu póliza es julio del ochenta y cinco .,15,6,de,spa,de,6,,ADP,0,root,case,contraction spa,,,,,,
722,mira aquí el effective date de tu póliza es julio del ochenta y cinco .,15,7,tu,spa,tu,7,,PRON,8,póliza,nmod,contraction spa,,,,,,
722,mira aquí el effective date de tu póliza es julio del ochenta y cinco .,15,8,póliza,spa,póliza,8,,NOUN,9,es,obj,contraction spa,,,,,,
722,mira aquí el effective date de tu póliza es julio del ochenta y cinco .,15,9,es,spa,es,9,,VERB,5,date,cop,contraction spa,,,,,,
722,mira aquí el effective date de tu póliza es julio del ochenta y cinco .,15,10,julio,spa,julio,10,,PRON,5,date,appos,contraction spa,,,,,,
722,mira aquí el effective date de tu póliza es julio del ochenta y cinco .,15,11,del,spa,de,11,,ADP,12,ochenta,case,contraction spa,,,,,,
722,mira aquí el effective date de tu póliza es julio del ochenta y cinco .,15,,,,el,11.1,,DET,12,ochenta,det,contraction spa,,,,,,
722,mira aquí el effective date de tu póliza es julio del ochenta y cinco .,15,12,ochenta,spa,ochenta,12,,NOUN,14,cinco,obj,contraction spa,,,,,,
722,mira aquí el effective date de tu póliza es julio del ochenta y cinco .,15,13,y,spa,y,13,,CCONJ,14,cinco,cc,contraction spa,,,,,,
722,mira aquí el effective date de tu póliza es julio del ochenta y cinco .,15,14,cinco,spa,cinco,14,,NOUN,9,es,conj,contraction spa,,,,,,
722,mira aquí el effective date de tu póliza es julio del ochenta y cinco .,15,15,.,0,.,15,,PUNCT,1,mira,punct,contraction spa,,,,,,
3671,esto es parte del yard ?,6,1,esto,spa,esto,1,,PRON,2,es,nsubj,contraction spa,,,,,,
3671,esto es parte del yard ?,6,2,es,spa,es,2,,VERB,6,yard,cop,contraction spa,,,,,,
3671,esto es parte del yard ?,6,3,parte,spa,parte,3,,NOUN,2,es,nmod,contraction spa,,,,,,
3671,esto es parte del yard ?,6,4,del,spa,de,4,,ADP,6,yard,case,contraction spa,,,,,,
3671,esto es parte del yard ?,6,,,,el,5,,DET,6,yard,det,contraction spa,,,,,,
3671,esto es parte del yard ?,6,5,yard,eng,yard,6,,NOUN,0,root,root,contraction spa,,,,,,
3671,esto es parte del yard ?,6,6,?,0,?,7,,PUNCT,6,yard,punct,contraction spa,,,,,,
9286,al cruzarlo ya se están muriendo forget it I .,10,1,al,spa,a,1,,ADP,2,el,case,"contraction spa, enclisis",,,,,,
9286,al cruzarlo ya se están muriendo forget it I .,10,,,,el,2,,PRON,3,cruzarlo,obl,"contraction spa, enclisis",,,,,,
9286,al cruzarlo ya se están muriendo forget it I .,10,2,cruzarlo,spa,cruzarlo,3,,VERB,7,muriendo,parataxis,"contraction spa, enclisis",,,,,,
9286,al cruzarlo ya se están muriendo forget it I .,10,3,ya,spa,ya,4,,ADV,7,muriendo,advmod,"contraction spa, enclisis",,,,,,
9286,al cruzarlo ya se están muriendo forget it I .,10,4,se,spa,se,5,,PRON,7,muriendo,expl,"contraction spa, enclisis",,,,,,
9286,al cruzarlo ya se están muriendo forget it I .,10,5,están,spa,están,6,,AUX,7,muriendo,aux,"contraction spa, enclisis",,,,,,
9286,al cruzarlo ya se están muriendo forget it I .,10,6,muriendo,spa,muriendo,7,,VERB,0,root,root,"contraction spa, enclisis",,,,,,
9286,al cruzarlo ya se están muriendo forget it I .,10,7,forget,eng,forget,8,,VERB,7,muriendo,parataxis,"contraction spa, enclisis",,,,,,
9286,al cruzarlo ya se están muriendo forget it I .,10,8,it,eng,it,9,,PRON,8,forget,obj,"contraction spa, enclisis",,,,,,
9286,al cruzarlo ya se están muriendo forget it I .,10,9,I,eng,I,10,,PRON,7,muriendo,dep,"contraction spa, enclisis",,,,,,
9286,al cruzarlo ya se están muriendo forget it I .,10,10,.,0,.,11,,PUNCT,7,muriendo,punct,"contraction spa, enclisis",,,,,,
9653,toda la ropa lo mandaba al dry_cleaner .,8,1,toda,spa,toda,1,,DET,3,ropa,det,contraction spa,,,,,,
9653,toda la ropa lo mandaba al dry_cleaner .,8,2,la,spa,la,2,,DET,3,ropa,det,contraction spa,,,,,,
9653,toda la ropa lo mandaba al dry_cleaner .,8,3,ropa,spa,ropa,3,,NOUN,5,mandaba,obj,contraction spa,,,,,,
9653,toda la ropa lo mandaba al dry_cleaner .,8,4,lo,spa,lo,4,,PRON,5,mandaba,obj,contraction spa,,,,,,
9653,toda la ropa lo mandaba al dry_cleaner .,8,5,mandaba,spa,mandaba,5,,VERB,0,root,root,contraction spa,,,,,,
9653,toda la ropa lo mandaba al dry_cleaner .,8,6,al,spa,a,6,,ADP,8,dry_cleaner,case,contraction spa,,,,,,
9653,toda la ropa lo mandaba al dry_cleaner .,,,,,el,7,,DET,8,dry_cleaner,det,contraction spa,,,,,,
9653,toda la ropa lo mandaba al dry_cleaner .,8,7,dry_cleaner,eng,dry_cleaner,8,,NOUN,5,mandaba,obl,contraction spa,,,,,,
9653,toda la ropa lo mandaba al dry_cleaner .,8,8,.,0,.,9,,PUNCT,5,mandaba,punct,contraction spa,,,,,,
10748,y entonces llego y veo al chamo que nos que nos que nos hizo el boarding el de veintiséis años .,21,1,y,spa,y,1,,CCONJ,3,llego,cc,contraction spa,,,,,,
10748,y entonces llego y veo al chamo que nos que nos que nos hizo el boarding el de veintiséis años .,21,2,entonces,spa,entonces,2,,ADV,3,llego,advmod,contraction spa,,,,,,
10748,y entonces llego y veo al chamo que nos que nos que nos hizo el boarding el de veintiséis años .,21,3,llego,spa,llego,3,,VERB,4,y,conj,contraction spa,,,,,,
10748,y entonces llego y veo al chamo que nos que nos que nos hizo el boarding el de veintiséis años .,21,4,y,spa,y,4,,CCONJ,5,veo,cc,contraction spa,,,,,,
10748,y entonces llego y veo al chamo que nos que nos que nos hizo el boarding el de veintiséis años .,21,5,veo,spa,veo,5,,VERB,0,root,root,contraction spa,,,,,,
10748,y entonces llego y veo al chamo que nos que nos que nos hizo el boarding el de veintiséis años .,21,6,al,spa,a,6,,ADP,8,chamo,case,contraction spa,,,,,,
10748,y entonces llego y veo al chamo que nos que nos que nos hizo el boarding el de veintiséis años .,,,,,el,7,,DET,8,chamo,det,contraction spa,,,,,,
10748,y entonces llego y veo al chamo que nos que nos que nos hizo el boarding el de veintiséis años .,21,7,chamo,spa,chamo,8,,NOUN,5,veo,obj,contraction spa,,,,,,
10748,y entonces llego y veo al chamo que nos que nos que nos hizo el boarding el de veintiséis años .,21,8,que,spa,que,9,,SCONJ,7,el,mark,contraction spa,,,,,,
10748,y entonces llego y veo al chamo que nos que nos que nos hizo el boarding el de veintiséis años .,21,9,nos,spa,nos,10,,PRON,7,el,iobj,contraction spa,,,,,,
10748,y entonces llego y veo al chamo que nos que nos que nos hizo el boarding el de veintiséis años .,21,10,que,spa,que,11,,SCONJ,7,el,mark,contraction spa,,,,,,
10748,y entonces llego y veo al chamo que nos que nos que nos hizo el boarding el de veintiséis años .,21,11,nos,spa,nos,12,,PRON,7,el,rep,contraction spa,,,,,,
10748,y entonces llego y veo al chamo que nos que nos que nos hizo el boarding el de veintiséis años .,21,12,que,spa,que,13,,SCONJ,7,el,mark,contraction spa,,,,,,
10748,y entonces llego y veo al chamo que nos que nos que nos hizo el boarding el de veintiséis años .,21,13,nos,spa,nos,14,,PRON,7,el,rep,contraction spa,,,,,,
10748,y entonces llego y veo al chamo que nos que nos que nos hizo el boarding el de veintiséis años .,21,14,hizo,spa,hizo,15,,VERB,7,el,acl,contraction spa,,,,,,
10748,y entonces llego y veo al chamo que nos que nos que nos hizo el boarding el de veintiséis años .,21,15,el,spa,el,16,,DET,17,boarding,det,contraction spa,,,,,,
10748,y entonces llego y veo al chamo que nos que nos que nos hizo el boarding el de veintiséis años .,21,16,boarding,eng,boarding,17,,NOUN,15,hizo,obj,contraction spa,,,,,,
10748,y entonces llego y veo al chamo que nos que nos que nos hizo el boarding el de veintiséis años .,21,17,el,spa,el,18,,PRON,7,el,dislocated,contraction spa,,,,,,
10748,y entonces llego y veo al chamo que nos que nos que nos hizo el boarding el de veintiséis años .,21,18,de,spa,de,19,,ADP,20,veintiséis,case,contraction spa,,,,,,
10748,y entonces llego y veo al chamo que nos que nos que nos hizo el boarding el de veintiséis años .,21,19,veintiséis,spa,veintiséis,20,,NUM,20,veintiséis,nummod,contraction spa,,,,,,
10748,y entonces llego y veo al chamo que nos que nos que nos hizo el boarding el de veintiséis años .,21,20,años,spa,años,21,,NOUN,7,el,nmod,contraction spa,,,,,,
10748,y entonces llego y veo al chamo que nos que nos que nos hizo el boarding el de veintiséis años .,21,21,.,0,.,22,,PUNCT,5,veo,punct,contraction spa,,,,,,
10989,son cincuenta mil al año including the dorms .,9,1,son,spa,son,1,,VERB,3,mil,cop,contraction spa,,,,,,
10989,son cincuenta mil al año including the dorms .,9,2,cincuenta,spa,cincuenta,2,,NUM,3,mil,nummod,contraction spa,,,,,,
10989,son cincuenta mil al año including the dorms .,9,3,mil,spa,mil,3,,NOUN,0,root,root,contraction spa,,,,,,
10989,son cincuenta mil al año including the dorms .,9,4,al,spa,a,4,,ADP,6,año,case,contraction spa,,,,,,
10989,son cincuenta mil al año including the dorms .,9,,,,el,5,,DET,6,año,det,contraction spa,,,,,,
10989,son cincuenta mil al año including the dorms .,9,5,año,spa,año,6,,NOUN,3,mil,nmod,contraction spa,,,,,,
10989,son cincuenta mil al año including the dorms .,9,6,including,eng,including,7,,ADV,3,mil,advmod,contraction spa,,,,,,
10989,son cincuenta mil al año including the dorms .,9,7,the,eng,the,8,,DET,9,dorms,det,contraction spa,,,,,,
10989,son cincuenta mil al año including the dorms .,9,8,dorms,eng,dorms,9,,NOUN,3,mil,nmod,contraction spa,,,,,,
10989,son cincuenta mil al año including the dorms .,9,9,.,0,.,10,,PUNCT,3,mil,punct,contraction spa,,,,,,
11944,tú fuiste la que hablaste del restaurant .,8,1,tú,spa,tú,1,,PRON,2,fuiste,nsubj,contraction spa,,,,,,
11944,tú fuiste la que hablaste del restaurant .,8,2,fuiste,spa,fuiste,2,,VERB,0,root,root,contraction spa,,,,,,
11944,tú fuiste la que hablaste del restaurant .,8,3,la,spa,la,3,,PRON,1,tú,dislocated,contraction spa,,,,,,
11944,tú fuiste la que hablaste del restaurant .,8,4,que,spa,que,4,,SCONJ,5,hablaste,mark,contraction spa,,,,,,
11944,tú fuiste la que hablaste del restaurant .,8,5,hablaste,spa,hablaste,5,,VERB,1,tú,acl,contraction spa,,,,,,
11944,tú fuiste la que hablaste del restaurant .,8,6,del,spa,de,6,,ADP,8,restaurant,case,contraction spa,,,,,,
11944,tú fuiste la que hablaste del restaurant .,,,,,el,7,,DET,8,restaurant,det,contraction spa,,,,,,
11944,tú fuiste la que hablaste del restaurant .,8,7,restaurant,eng,restaurant,8,,NOUN,5,hablaste,obl,contraction spa,,,,,,
11944,tú fuiste la que hablaste del restaurant .,8,8,.,0,.,9,,PUNCT,2,fuiste,punct,contraction spa,,,,,,
26150,so yo me pongo al final del meeting afuera .,10,1,so,eng,so,1,,ADV,4,pongo,discourse,contraction spa,,,,,,
26150,so yo me pongo al final del meeting afuera .,10,2,yo,spa,yo,2,,PRON,4,pongo,nsubj,contraction spa,,,,,,
26150,so yo me pongo al final del meeting afuera .,10,3,me,spa,me,3,,PRON,4,pongo,obj,contraction spa,,,,,,
26150,so yo me pongo al final del meeting afuera .,10,4,pongo,spa,pongo,4,,VERB,0,root,root,contraction spa,,,,,,
26150,so yo me pongo al final del meeting afuera .,10,5,al,spa,a,5,,ADP,7,final,case,contraction spa,,,,,,
26150,so yo me pongo al final del meeting afuera .,,,,,el,6,,DET,7,final,det,contraction spa,,,,,,
26150,so yo me pongo al final del meeting afuera .,10,6,final,spa,final,7,,NOUN,4,pongo,obl,contraction spa,,,,,,
26150,so yo me pongo al final del meeting afuera .,10,7,del,spa,de,8,,ADP,10,meeting,case,contraction spa,,,,,,
26150,so yo me pongo al final del meeting afuera .,,,,,el,9,,DET,10,meeting,det,contraction spa,,,,,,
26150,so yo me pongo al final del meeting afuera .,10,8,meeting,eng,meeting,10,,NOUN,7,final,nmod,contraction spa,,,,,,
26150,so yo me pongo al final del meeting afuera .,10,9,afuera,spa,afuera,11,,ADV,10,meeting,advmod,contraction spa,,,,,,
26150,so yo me pongo al final del meeting afuera .,10,10,.,0,.,12,,PUNCT,4,pongo,punct,contraction spa,,,,,,
33760,I was bueno te digo que yo soy brava porque yo fui la fotógrafa del el parto de mi hermana .,21,1,I,eng,I,1,,PRON,3,bueno,rep,"contraction spa, slangs/curse",,,,,,
33760,I was bueno te digo que yo soy brava porque yo fui la fotógrafa del el parto de mi hermana .,21,2,was,eng,was,2,,AUX,3,bueno,rep,"contraction spa, slangs/curse",,,,,,
33760,I was bueno te digo que yo soy brava porque yo fui la fotógrafa del el parto de mi hermana .,21,3,bueno,spa,bueno,3,,ADV,5,digo,discourse,"contraction spa, slangs/curse",,,,,,
33760,I was bueno te digo que yo soy brava porque yo fui la fotógrafa del el parto de mi hermana .,21,4,te,spa,te,4,,PRON,5,digo,iobj,"contraction spa, slangs/curse",,,,,,
33760,I was bueno te digo que yo soy brava porque yo fui la fotógrafa del el parto de mi hermana .,21,5,digo,spa,digo,5,,VERB,8,soy,ccomp,"contraction spa, slangs/curse",,,,,,
33760,I was bueno te digo que yo soy brava porque yo fui la fotógrafa del el parto de mi hermana .,21,6,que,spa,que,6,,SCONJ,9,brava,mark,"contraction spa, slangs/curse",,,,,,
33760,I was bueno te digo que yo soy brava porque yo fui la fotógrafa del el parto de mi hermana .,21,7,yo,spa,yo,7,,PRON,9,brava,nsubj,"contraction spa, slangs/curse",,,,,,
33760,I was bueno te digo que yo soy brava porque yo fui la fotógrafa del el parto de mi hermana .,21,8,soy,spa,soy,8,,AUX,9,brava,aux,"contraction spa, slangs/curse",,,,,,
33760,I was bueno te digo que yo soy brava porque yo fui la fotógrafa del el parto de mi hermana .,21,9,brava,spa,brava,9,,ADJ,0,root,root,"contraction spa, slangs/curse",,,,,,
33760,I was bueno te digo que yo soy brava porque yo fui la fotógrafa del el parto de mi hermana .,21,10,porque,spa,porque,10,,SCONJ,12,fui,mark,"contraction spa, slangs/curse",,,,,,
33760,I was bueno te digo que yo soy brava porque yo fui la fotógrafa del el parto de mi hermana .,21,11,yo,spa,yo,11,,PRON,12,fui,nsubj,"contraction spa, slangs/curse",,,,,,
33760,I was bueno te digo que yo soy brava porque yo fui la fotógrafa del el parto de mi hermana .,21,12,fui,spa,fui,12,,AUX,9,brava,aux,"contraction spa, slangs/curse",,,,,,
33760,I was bueno te digo que yo soy brava porque yo fui la fotógrafa del el parto de mi hermana .,21,13,la,spa,la,13,,DET,14,fotógrafa,det,"contraction spa, slangs/curse",,,,,,
33760,I was bueno te digo que yo soy brava porque yo fui la fotógrafa del el parto de mi hermana .,21,14,fotógrafa,spa,fotógrafa,14,,NOUN,11,yo,nmod,"contraction spa, slangs/curse",,,,,,
33760,I was bueno te digo que yo soy brava porque yo fui la fotógrafa del el parto de mi hermana .,21,15,del,spa,de,15,,ADP,18,parto,case,"contraction spa, slangs/curse",,,,,,
33760,I was bueno te digo que yo soy brava porque yo fui la fotógrafa del el parto de mi hermana .,,,,,el,16,,DET,18,parto,det,"contraction spa, slangs/curse",,,,,,
33760,I was bueno te digo que yo soy brava porque yo fui la fotógrafa del el parto de mi hermana .,21,16,el,spa,el,17,,DET,18,parto,rep,"contraction spa, slangs/curse",,,,,,
33760,I was bueno te digo que yo soy brava porque yo fui la fotógrafa del el parto de mi hermana .,21,17,parto,spa,parto,18,,NOUN,14,fotógrafa,nmod,"contraction spa, slangs/curse",,,,,,
33760,I was bueno te digo que yo soy brava porque yo fui la fotógrafa del el parto de mi hermana .,21,18,de,spa,de,19,,ADP,21,.,case,"contraction spa, slangs/curse",,,,,,
33760,I was bueno te digo que yo soy brava porque yo fui la fotógrafa del el parto de mi hermana .,21,19,mi,spa,mi,20,,DET,21,.,det,"contraction spa, slangs/curse",,,,,,
33760,I was bueno te digo que yo soy brava porque yo fui la fotógrafa del el parto de mi hermana .,21,20,hermana,spa,hermana,21,,NOUN,18,parto,nmod,"contraction spa, slangs/curse",,,,,,
33760,I was bueno te digo que yo soy brava porque yo fui la fotógrafa del el parto de mi hermana .,21,21,.,0,.,21,,PUNCT,9,brava,punct,"contraction spa, slangs/curse",,,,,,
43547,just de el .,4,1,just,eng,just,1,,ADV,0,root,root,"contraction spa, ellipses",,,,,,
43547,just de el .,4,2,de,spa,de,2,,ADP,2.1,el,case,"contraction spa, ellipses",,,,,,
43547,just de el .,4,,,,el,2.1,,DET,1,just,det,"contraction spa, ellipses",,,,,,
43547,just de el .,4,4,.,0,.,4,,,,nan,,"contraction spa, ellipses",,,,,,
1177,a new style ahora es like flores and .,9,1,a,eng,a,1,,DET,3,style,det,ellipses,,,,,,
1177,a new style ahora es like flores and .,9,2,new,eng,new,2,,ADJ,3,style,amod,ellipses,,,,,,
1177,a new style ahora es like flores and .,9,3,style,eng,style,3,,NOUN,5,es,nsubj,ellipses,,,,,,
1177,a new style ahora es like flores and .,9,4,ahora,spa,ahora,4,,ADV,5,es,advmod,ellipses,,,,,,
1177,a new style ahora es like flores and .,9,5,es,spa,es,5,,AUX,7,flores,cop,ellipses,,,,,,
1177,a new style ahora es like flores and .,9,6,like,eng,like,6,,ADV,7,flores,advmod,ellipses,,,,,,
1177,a new style ahora es like flores and .,9,7,flores,spa,flores,7,,NOUN,0,root,root,ellipses,,,,,,
1177,a new style ahora es like flores and .,9,8,and,eng,and,8,,CCONJ,7,flores,cc,ellipses,,,,,,
1177,a new style ahora es like flores and .,9,9,.,0,.,9,,PUNCT,7,flores,punct,ellipses,,,,,,
4930,and Paula loves to .,5,1,and,eng,and,1,,CCONJ,3,loves,cc,ellipses,,,,,,
4930,and Paula loves to .,5,2,Paula,spa,Paula,2,,PRON,3,loves,nsubj,ellipses,,,,,,
4930,and Paula loves to .,5,3,loves,eng,loves,3,,VERB,0,root,root,ellipses,,,,,,
4930,and Paula loves to .,5,4,to,eng,to,4,,PREP,3,loves,mark,ellipses,,,,,,
4930,and Paula loves to .,5,5,.,0,.,5,,PUNCT,3,loves,punct,ellipses,,,,,,
10868,just take that one sabe y .,7,1,just,eng,just,1,,ADV,2,take,advmod,ellipses,,,,,,
10868,just take that one sabe y .,7,2,take,eng,take,2,,VERB,0,root,root,ellipses,,,,,,
10868,just take that one sabe y .,7,3,that,eng,that,3,,DET,4,one,det,ellipses,,,,,,
10868,just take that one sabe y .,7,4,one,eng,one,4,,NOUN,2,take,obj,ellipses,,,,,,
10868,just take that one sabe y .,7,5,sabe,spa,sabe,5,,VERB,2,take,ccomp,ellipses,,,,,,
10868,just take that one sabe y .,7,6,y,spa,y,6,,CCONJ,5,sabe,cc,ellipses,,,,,,
10868,just take that one sabe y .,7,7,.,0,.,7,,PUNCT,5,sabe,punct,ellipses,,,,,,
15492,o porcelain whatever .,4,1,o,spa,o,1,,CONJ,2,porcelain,cc,ellipses,,,,,,
15492,o porcelain whatever .,4,2,porcelain,eng,porcelain,2,,NOUN,0,root,root,ellipses,,,,,,
15492,o porcelain whatever .,4,3,whatever,eng,whatever,3,,PRON,2,porcelain,conj,ellipses,,,,,,
15492,o porcelain whatever .,4,4,.,0,.,4,,PUNCT,2,porcelain,punct,ellipses,,,,,,
25283,pero that's .,3,1,pero,spa,pero,1,,SCONJ,2,that,discourse,ellipses,,,,,,
25283,pero that's .,3,2,that's,eng,that,2,,PRON,0,root,root,ellipses,,,,,,
25283,pero that's .,3,,,,s,2.1,,AUX,2,that,cop,ellipses,,,,,,
25283,pero that's .,3,3,.,0,.,3,,PUNCT,2,that,punct,ellipses,,,,,,
27227,todos estamos con un calor and working .,8,1,todos,spa,todos,1,,PRON,2,estamos,nsubject,ellipses,,,,,,
27227,todos estamos con un calor and working .,8,2,estamos,spa,estamos,2,,AUX,0,root,root,ellipses,,,,,,
27227,todos estamos con un calor and working .,8,3,con,spa,con,3,,ADP,5,calor,case,ellipses,,,,,,
27227,todos estamos con un calor and working .,8,4,un,spa,un,4,,DET,5,calor,det,ellipses,,,,,,
27227,todos estamos con un calor and working .,8,5,calor,spa,calor,5,,NOUN,2,estamos,obl,ellipses,,,,,,
27227,todos estamos con un calor and working .,8,6,and,eng,and,6,,CCONJ,7,working,cc,ellipses,,,,,,
27227,todos estamos con un calor and working .,8,7,working,eng,working,7,,VERB,2,estamos,conj,ellipses,,,,,,
27227,todos estamos con un calor and working .,8,8,.,0,.,8,,PUNCT,,nan,punct,ellipses,,,,,,
38063,they didn't er no producía .,6,1,they,eng,they,1,,PRON,2,did,nsubj,ellipses,,,,,,
38063,they didn't er no producía .,6,2,didn't,eng,did,2,,AUX,6,producía,aux,ellipses,,,,,,
38063,they didn't er no producía .,,,,,n't,3,,ADV,6,producía,advmod,ellipses,,,,,,
38063,they didn't er no producía .,6,3,er,eng,er,4,,PART,6,producía,discourse,ellipses,,,,,,
38063,they didn't er no producía .,6,4,no,eng&spa,no,5,,ADV,6,producía,advmod,ellipses,,,,,,
38063,they didn't er no producía .,6,5,producía,spa,producía,6,,VERB,0,root,root,ellipses,,,,,,
38063,they didn't er no producía .,6,6,.,0,.,7,,PUNCT,6,producía,punct,ellipses,,,,,,
39507,regardless it's like if si yo fuera Annie I would look at her and be like .,17,1,regardless,eng,regardless,1,,ADV,2,it,advmod,ellipses,,,,,,
39507,regardless it's like if si yo fuera Annie I would look at her and be like .,17,2,it's,eng,it,2,,PRON,3,'s,nsubj,ellipses,,,,,,
39507,regardless it's like if si yo fuera Annie I would look at her and be like .,,,,,'s,3,,VERB,12,look,cop,ellipses,,,,,,
39507,regardless it's like if si yo fuera Annie I would look at her and be like .,17,3,like,eng,like,4,,SCONJ,12,look,mark,ellipses,,,,,,
39507,regardless it's like if si yo fuera Annie I would look at her and be like .,17,4,if,eng,if,5,,SCONJ,4,like,mark,ellipses,,,,,,
39507,regardless it's like if si yo fuera Annie I would look at her and be like .,17,5,si,spa,si,6,,SCONJ,4,like,rep,ellipses,,,,,,
39507,regardless it's like if si yo fuera Annie I would look at her and be like .,17,6,yo,spa,yo,7,,PRON,8,fuera,nsubj,ellipses,,,,,,
39507,regardless it's like if si yo fuera Annie I would look at her and be like .,17,7,fuera,spa,fuera,8,,VERB,9,Annie,cop,ellipses,,,,,,
39507,regardless it's like if si yo fuera Annie I would look at her and be like .,17,8,Annie,eng&spa,Annie,9,,PROPN,8,fuera,nsubj,ellipses,,,,,,
39507,regardless it's like if si yo fuera Annie I would look at her and be like .,17,9,I,eng,I,10,,PRON,11,would,nsubj,ellipses,,,,,,
39507,regardless it's like if si yo fuera Annie I would look at her and be like .,17,10,would,eng,would,11,,AUX,12,look,cop,ellipses,,,,,,
39507,regardless it's like if si yo fuera Annie I would look at her and be like .,17,11,look,eng,look,12,,VERB,0,root,root,ellipses,,,,,,
39507,regardless it's like if si yo fuera Annie I would look at her and be like .,17,12,at,eng,at,13,,ADP,14,her,case,ellipses,,,,,,
39507,regardless it's like if si yo fuera Annie I would look at her and be like .,17,13,her,eng,her,14,,PRON,12,look,obl?,ellipses,,,,,,
39507,regardless it's like if si yo fuera Annie I would look at her and be like .,17,14,and,eng,and,15,,CCONJ,16,be,cc,ellipses,,,,,,
39507,regardless it's like if si yo fuera Annie I would look at her and be like .,17,15,be,eng,be,16,,VERB,12,look,cop,ellipses,,,,,,
39507,regardless it's like if si yo fuera Annie I would look at her and be like .,17,16,like,eng,like,17,,PART,15,and,disc,ellipses,,,,,,
39507,regardless it's like if si yo fuera Annie I would look at her and be like .,17,17,.,0,.,18,,PUNCT,12,look,punct,ellipses,,,,,,
40639,just like after that palmero .,6,1,just,eng,just,1,,ADV,2,like,advmod,ellipses,,,,,,
40639,just like after that palmero .,6,2,like,eng,like,2,,ADP,5,palmero,case,ellipses,,,,,,
40639,just like after that palmero .,6,3,after,eng,after,3,,ADP,5,palmero,case,ellipses,,,,,,
40639,just like after that palmero .,6,4,that,eng,that,4,,DET,5,palmero,det,ellipses,,,,,,
40639,just like after that palmero .,6,5,palmero,spa,palmero,5,,NOUN,0,root,root,ellipses,,,,,,
40639,just like after that palmero .,6,6,.,0,.,6,,PUNCT,5,palmero,punct,ellipses,,,,,,
45616,ok Jane yo juego contigo pero no se .,9,1,ok,eng,ok,1,,INTJ,2,Jane,disc,ellipses,,,,,,
45616,ok Jane yo juego contigo pero no se .,9,2,Jane,eng&spa,Jane,2,,PROPN,4,juego,vocative,ellipses,,,,,,
45616,ok Jane yo juego contigo pero no se .,9,3,yo,spa,yo,3,,PRON,4,juego,nsubj,ellipses,,,,,,
45616,ok Jane yo juego contigo pero no se .,9,4,juego,spa,juego,4,,VERB,0,root,root,ellipses,,,,,,
45616,ok Jane yo juego contigo pero no se .,9,5,contigo,spa,con,5,,ADP,6,tigo,case,ellipses,,,,,,
45616,ok Jane yo juego contigo pero no se .,,,,,tigo,6,,PRON,4,juego,obl,ellipses,,,,,,
45616,ok Jane yo juego contigo pero no se .,9,6,pero,spa,pero,7,,CCONJ,4,juego,discourse,ellipses,,,,,,
45616,ok Jane yo juego contigo pero no se .,9,7,no,spa,no,8,,ADV,4,juego,dep,ellipses,,,,,,
45616,ok Jane yo juego contigo pero no se .,9,8,se,spa,se,9,,PRON,4,juego,dep,ellipses,,,,,,
45616,ok Jane yo juego contigo pero no se .,9,9,.,0,.,10,,PUNCT,,nan,punct,ellipses,,,,,,
4800,sí sí sí pero they they just .,8,1,sí,spa,sí,1,,ADV,0,root,root,"repitition, ellipses",,,,,,
4800,sí sí sí pero they they just .,8,2,sí,spa,sí,2,,ADV,1,sí,rep,"repitition, ellipses",,,,,,
4800,sí sí sí pero they they just .,8,3,sí,spa,sí,3,,ADV,1,sí,rep,"repitition, ellipses",,,,,,
4800,sí sí sí pero they they just .,8,4,pero,spa,pero,4,,CCONJ,1,sí,discourse,"repitition, ellipses",,,,,,
4800,sí sí sí pero they they just .,8,5,they,eng,they,5,,PRON,7,just,nsubj,"repitition, ellipses",,,,,,
4800,sí sí sí pero they they just .,8,6,they,eng,they,6,,PRON,7,just,rep,"repitition, ellipses",,,,,,
4800,sí sí sí pero they they just .,8,7,just,eng,just,7,,ADV,,nan,advmod,"repitition, ellipses",,,,,,
4800,sí sí sí pero they they just .,8,8,.,0,.,8,,PUNCT,,nan,punct,"repitition, ellipses",,,,,,
5251,pero bueno I checked out the prize and I was like if we are just gonna use .,18,1,pero,spa,pero,1,,CCONJ,4,checked,discourse,"discourse, ellipses",,,,,,
5251,pero bueno I checked out the prize and I was like if we are just gonna use .,18,2,bueno,spa,bueno,2,,ADV,4,checked,discourse,"discourse, ellipses",,,,,,
5251,pero bueno I checked out the prize and I was like if we are just gonna use .,18,3,I,eng,I,3,,PRON,4,checked,nsubj,"discourse, ellipses",,,,,,
5251,pero bueno I checked out the prize and I was like if we are just gonna use .,18,4,checked,eng,checked,4,,VERB,0,root,root,"discourse, ellipses",,,,,,
5251,pero bueno I checked out the prize and I was like if we are just gonna use .,18,5,out,eng,out,5,,ADP,4,checked,comp,"discourse, ellipses",,,,,,
5251,pero bueno I checked out the prize and I was like if we are just gonna use .,18,6,the,eng,the,6,,DET,7,prize,det,"discourse, ellipses",,,,,,
5251,pero bueno I checked out the prize and I was like if we are just gonna use .,18,7,prize,eng,prize,7,,NOUN,4,checked,obj,"discourse, ellipses",,,,,,
5251,pero bueno I checked out the prize and I was like if we are just gonna use .,18,8,and,eng,and,8,,CCONJ,9,I,cc,"discourse, ellipses",,,,,,
5251,pero bueno I checked out the prize and I was like if we are just gonna use .,18,9,I,eng,I,9,,PRON,10,was,nsubj,"discourse, ellipses",,,,,,
5251,pero bueno I checked out the prize and I was like if we are just gonna use .,18,10,was,eng,was,10,,AUX,13,we,cop,"discourse, ellipses",,,,,,
5251,pero bueno I checked out the prize and I was like if we are just gonna use .,18,11,like,eng,like,11,,SCONJ,10,was,mark,"discourse, ellipses",,,,,,
5251,pero bueno I checked out the prize and I was like if we are just gonna use .,18,12,if,eng,if,12,,SCONJ,11,like,mark,"discourse, ellipses",,,,,,
5251,pero bueno I checked out the prize and I was like if we are just gonna use .,18,13,we,eng,we,13,,PRON,14,are,nsubj,"discourse, ellipses",,,,,,
5251,pero bueno I checked out the prize and I was like if we are just gonna use .,18,14,are,eng,are,14,,AUX,16,gonna,cop,"discourse, ellipses",,,,,,
5251,pero bueno I checked out the prize and I was like if we are just gonna use .,18,15,just,eng,just,15,,,16,gonna,,"discourse, ellipses",,,,,,
5251,pero bueno I checked out the prize and I was like if we are just gonna use .,18,16,gonna,eng,gonna,16,,AUX,4,checked,cop,"discourse, ellipses",,,,,,
5251,pero bueno I checked out the prize and I was like if we are just gonna use .,18,17,use,eng,use,17,,VERB,4,checked,xcomp,"discourse, ellipses",,,,,,
5251,pero bueno I checked out the prize and I was like if we are just gonna use .,18,18,.,0,.,18,,PUNCT,4,checked,punct,"discourse, ellipses",,,,,,
5999,dale go into .,4,1,dale,spa,dale,1,,PART,2,go,discourse,"ellipses, discourse",,,,,,
5999,dale go into .,4,2,go,eng,go,2,,VERB,0,root,root,"ellipses, discourse",,,,,,
5999,dale go into .,4,3,into,eng,into,3,,ADP,2,go,case,"ellipses, discourse",,,,,,
5999,dale go into .,4,4,.,0,.,4,,PUNCT,2,go,punct,"ellipses, discourse",,,,,,
11117,bueno how about .,4,1,bueno,spa,bueno,1,,ADV,3,about,discourse,"discourse, ellipses",,,,,,
11117,bueno how about .,4,2,how,eng,how,2,,SCONJ,3,about,mark,"discourse, ellipses",,,,,,
11117,bueno how about .,4,3,about,eng,about,3,,ADJ,0,root,root,"discourse, ellipses",,,,,,
11117,bueno how about .,4,4,.,0,.,4,,PUNCT,3,about,punct,"discourse, ellipses",,,,,,
11669,the one en en casa de .,7,1,the,eng,the,1,,DET,2,one,det,"break of thought, ellipses, repitition",,,,,,
11669,the one en en casa de .,7,2,one,eng,one,2,,NOUN,0,root,root,"break of thought, ellipses, repitition",,,,,,
11669,the one en en casa de .,7,3,en,spa,en,3,,ADP,5,casa,case,"break of thought, ellipses, repitition",,,,,,
11669,the one en en casa de .,7,4,en,spa,en,4,,ADP,5,casa,rep,"break of thought, ellipses, repitition",,,,,,
11669,the one en en casa de .,7,5,casa,spa,casa,5,,NOUN,2,one,nmod,"break of thought, ellipses, repitition",,,,,,
11669,the one en en casa de .,7,6,de,spa,de,6,,ADP,5,casa,dep,"break of thought, ellipses, repitition",,,,,,
11669,the one en en casa de .,7,7,.,0,.,7,,PUNCT,2,one,punct,"break of thought, ellipses, repitition",,,,,,
11959,oh no hasta my stomach was se puso así .,10,1,oh,eng&spa,oh,1,,,,nan,,"break of thought, ellipses, discourse",,,,,,
11959,oh no hasta my stomach was se puso así .,10,2,no,eng,no,2,,,,nan,,"break of thought, ellipses, discourse",,,,,,
11959,oh no hasta my stomach was se puso así .,,,,,oh_no,1.1,,INTJ,8,puso,discourse,"break of thought, ellipses, discourse",,,,,,
11959,oh no hasta my stomach was se puso así .,10,3,hasta,spa,hasta,3,,ADV,5,stomach,case,"break of thought, ellipses, discourse",,,,,,
11959,oh no hasta my stomach was se puso así .,10,4,my,eng,my,4,,DET,5,stomach,det,"break of thought, ellipses, discourse",,,,,,
11959,oh no hasta my stomach was se puso así .,10,5,stomach,eng,stomach,5,,NOUN,8,puso,nsubj,"break of thought, ellipses, discourse",,,,,,
11959,oh no hasta my stomach was se puso así .,10,6,was,eng,was,6,,VERB,8,puso,rep,"break of thought, ellipses, discourse",,,,,,
11959,oh no hasta my stomach was se puso así .,10,7,se,spa,se,7,,PRON,8,puso,expl,"break of thought, ellipses, discourse",,,,,,
11959,oh no hasta my stomach was se puso así .,10,8,puso,spa,puso,8,,VERB,0,root,root,"break of thought, ellipses, discourse",,,,,,
11959,oh no hasta my stomach was se puso así .,10,9,así,spa,así,9,,ADV,8,puso,advmod,"break of thought, ellipses, discourse",,,,,,
11959,oh no hasta my stomach was se puso así .,10,10,.,0,.,10,,PUNCT,8,puso,punct,"break of thought, ellipses, discourse",,,,,,
18110,testing de ?,3,1,testing,eng,testing,1,,NOUN,0,root,root,"ellipses, break of thought",,,,,,
18110,testing de ?,3,2,de,spa,de,2,,ADP,1,testing,dep,"ellipses, break of thought",,,,,,
18110,testing de ?,3,3,?,0,?,3,,PUNCT,1,testing,punct,"ellipses, break of thought",,,,,,
19566,pero we .,3,1,pero,spa,pero,1,,CCONJ,2,we,discourse,"ellipses, break of thought",,,,,,
19566,pero we .,3,2,we,eng,we,2,,PRON,0,root,root,"ellipses, break of thought",,,,,,
19566,pero we .,3,3,.,0,.,3,,PUNCT,2,we,punct,"ellipses, break of thought",,,,,,
25704,the lieutenant dice .,4,1,the,eng,the,1,,DET,2,lieutenant,det,"break of thought, ellipses",,,,,,
25704,the lieutenant dice .,4,2,lieutenant,eng,lieutenant,2,,NOUN,3,dice,nsubj,"break of thought, ellipses",,,,,,
25704,the lieutenant dice .,4,3,dice,spa,dice,3,,VERB,0,root,root,"break of thought, ellipses",,,,,,
25704,the lieutenant dice .,4,4,.,0,.,4,,PUNCT,3,dice,punct,"break of thought, ellipses",,,,,,
26222,tiene she has a great personality .,7,1,tiene,spa,tiene,1,,VERB,3,has,rep,"ellipses, code-switched repetition",,,,,,
26222,tiene she has a great personality .,7,2,she,eng,she,2,,PRON,3,has,nsubj,"ellipses, code-switched repetition",,,,,,
26222,tiene she has a great personality .,7,3,has,eng,has,3,,VERB,0,root,root,"ellipses, code-switched repetition",,,,,,
26222,tiene she has a great personality .,7,4,a,eng,a,4,,DET,6,personality,det,"ellipses, code-switched repetition",,,,,,
26222,tiene she has a great personality .,7,5,great,eng,great,5,,ADJ,6,personality,amod,"ellipses, code-switched repetition",,,,,,
26222,tiene she has a great personality .,7,6,personality,eng,personality,6,,NOUN,1,tiene,obj,"ellipses, code-switched repetition",,,,,,
26222,tiene she has a great personality .,7,7,.,0,.,7,,PUNCT,1,tiene,punct,"ellipses, code-switched repetition",,,,,,
26721,because it doesn't eso no importa .,7,1,because,eng,because,1,,SCONJ,7,importa,mark,"contraction eng, ellipses",,,,,,
26721,because it doesn't eso no importa .,7,2,it,eng,it,2,,PRON,3,does,nsubj,"contraction eng, ellipses",,,,,,
26721,because it doesn't eso no importa .,7,3,doesn't,eng,does,3,,AUX,7,importa,dep,"contraction eng, ellipses",,,,,,
26721,because it doesn't eso no importa .,7,,,,n't,4,,ADV,7,importa,dep,"contraction eng, ellipses",,,,,,
26721,because it doesn't eso no importa .,7,4,eso,eng,eso,5,,PRON,7,importa,nsubj,"contraction eng, ellipses",,,,,,
26721,because it doesn't eso no importa .,7,5,no,spa,no,6,,ADV,7,importa,advmod,"contraction eng, ellipses",,,,,,
26721,because it doesn't eso no importa .,7,6,importa,spa,importa,7,,VERB,0,root,root,"contraction eng, ellipses",,,,,,
26721,because it doesn't eso no importa .,7,7,.,0,.,8,,PUNCT,7,importa,punct,"contraction eng, ellipses",,,,,,
28150,I think was urinating orinando .,6,1,I,eng,I,1,,PRON,2,think,nsubj,"code-switched repetition, ellipses",,,,,,
28150,I think was urinating orinando .,6,2,think,eng,think,2,,VERB,0,root,root,"code-switched repetition, ellipses",,,,,,
28150,I think was urinating orinando .,6,3,was,eng,was,3,,AUX,4,urinating,aux,"code-switched repetition, ellipses",,,,,,
28150,I think was urinating orinando .,6,4,urinating,eng,urinating,4,,VERB,2,think,ccomp,"code-switched repetition, ellipses",,,,,,
28150,I think was urinating orinando .,6,5,orinando,spa,orinando,5,,VERB,3,was,rep,"code-switched repetition, ellipses",,,,,,
28150,I think was urinating orinando .,6,6,.,0,.,6,,PUNCT,2,think,punct,"code-switched repetition, ellipses",,,,,,
45721,she was like pues cada persona tiene un vaso .,10,1,she,eng,she,1,,PRON,2,was,nsubj,"discourse, ellipses",,,,,,
45721,she was like pues cada persona tiene un vaso .,10,2,was,eng,was,2,,AUX,0,root,root,"discourse, ellipses",,,,,,
45721,she was like pues cada persona tiene un vaso .,10,3,like,eng,like,3,,ADV,2,was,mark,"discourse, ellipses",,,,,,
45721,she was like pues cada persona tiene un vaso .,10,4,pues,spa,pues,4,,ADV,7,tiene,discourse,"discourse, ellipses",,,,,,
45721,she was like pues cada persona tiene un vaso .,10,5,cada,spa,cada,5,,DET,6,persona,det,"discourse, ellipses",,,,,,
45721,she was like pues cada persona tiene un vaso .,10,6,persona,spa,persona,6,,NOUN,7,tiene,nsubj,"discourse, ellipses",,,,,,
45721,she was like pues cada persona tiene un vaso .,10,7,tiene,spa,tiene,7,,VERB,2,was,parataxis,"discourse, ellipses",,,,,,
45721,she was like pues cada persona tiene un vaso .,10,8,un,spa,un,8,,DET,9,vaso,det,"discourse, ellipses",,,,,,
45721,she was like pues cada persona tiene un vaso .,10,9,vaso,spa,vaso,9,,NOUN,2,was,obj,"discourse, ellipses",,,,,,
45721,she was like pues cada persona tiene un vaso .,10,10,.,0,.,10,,PUNCT,2,was,punct,"discourse, ellipses",,,,,,
1524,speaking of pollo have you been to Chick_fil_A ?,9,1,speaking,eng,speaking,1,,VERB,6,been,advcl,discourse,,,,,,
1524,speaking of pollo have you been to Chick_fil_A ?,9,2,of,eng,of,2,,ADP,3,pollo,case,discourse,,,,,,
1524,speaking of pollo have you been to Chick_fil_A ?,9,3,pollo,spa,pollo,3,,NOUN,1,speaking,obl,discourse,,,,,,
1524,speaking of pollo have you been to Chick_fil_A ?,9,4,have,eng,have,4,,AUX,6,been,aux,discourse,,,,,,
1524,speaking of pollo have you been to Chick_fil_A ?,9,5,you,eng,you,5,,PRON,6,been,nsubj,discourse,,,,,,
1524,speaking of pollo have you been to Chick_fil_A ?,9,6,been,eng,been,6,,VERB,0,root,root,discourse,,,,,,
1524,speaking of pollo have you been to Chick_fil_A ?,9,7,to,eng,to,7,,ADP,8,Chick_fil_A,case,discourse,,,,,,
1524,speaking of pollo have you been to Chick_fil_A ?,9,8,Chick_fil_A,eng&spa,Chick_fil_A,8,,PROPN,6,been,obl,discourse,,,,,,
1524,speaking of pollo have you been to Chick_fil_A ?,9,9,?,0,?,9,,PUNCT,6,been,punct,discourse,,,,,,
5231,yeah con ese pase you can you know you can use it and you can you have certain discounts .,20,1,yeah,eng,yeah,1,,INTJ,11,use,discourse,discourse,,,,,,
5231,yeah con ese pase you can you know you can use it and you can you have certain discounts .,20,2,con,spa,con,2,,ADP,4,pase,case,discourse,,,,,,
5231,yeah con ese pase you can you know you can use it and you can you have certain discounts .,20,3,ese,spa,ese,3,,DET,4,pase,det,discourse,,,,,,
5231,yeah con ese pase you can you know you can use it and you can you have certain discounts .,20,4,pase,spa,pase,4,,NOUN,11,use,obl,discourse,,,,,,
5231,yeah con ese pase you can you know you can use it and you can you have certain discounts .,20,5,you,eng,you,5,,PRON,6,can,rep,discourse,,,,,,
5231,yeah con ese pase you can you know you can use it and you can you have certain discounts .,20,6,can,eng,can,6,,AUX,11,use,rep,discourse,,,,,,
5231,yeah con ese pase you can you know you can use it and you can you have certain discounts .,20,7,you,eng,you,7,,,,nan,,discourse,,,,,,
5231,yeah con ese pase you can you know you can use it and you can you have certain discounts .,20,8,know,eng,know,8,,,,nan,,discourse,,,,,,
5231,yeah con ese pase you can you know you can use it and you can you have certain discounts .,20,,,,you_know,7.1,,PART,11,use,discourse,discourse,,,,,,
5231,yeah con ese pase you can you know you can use it and you can you have certain discounts .,20,9,you,eng,you,9,,PRON,10,can,nsubj,discourse,,,,,,
5231,yeah con ese pase you can you know you can use it and you can you have certain discounts .,20,10,can,eng,can,10,,AUX,11,use,aux,discourse,,,,,,
5231,yeah con ese pase you can you know you can use it and you can you have certain discounts .,20,11,use,eng,use,11,,VERB,0,root,root,discourse,,,,,,
5231,yeah con ese pase you can you know you can use it and you can you have certain discounts .,20,12,it,eng,it,12,,PRON,11,use,obj,discourse,,,,,,
5231,yeah con ese pase you can you know you can use it and you can you have certain discounts .,20,13,and,eng,and,13,,CCONJ,17,have,cc,discourse,,,,,,
5231,yeah con ese pase you can you know you can use it and you can you have certain discounts .,20,14,you,eng,you,14,,PRON,15,can,rep,discourse,,,,,,
5231,yeah con ese pase you can you know you can use it and you can you have certain discounts .,20,15,can,eng,can,15,,AUX,11,use,rep,discourse,,,,,,
5231,yeah con ese pase you can you know you can use it and you can you have certain discounts .,20,16,you,eng,you,16,,PRON,17,have,nsubj,discourse,,,,,,
5231,yeah con ese pase you can you know you can use it and you can you have certain discounts .,20,17,have,eng,have,17,,VERB,11,use,conj,discourse,,,,,,
5231,yeah con ese pase you can you know you can use it and you can you have certain discounts .,20,18,certain,eng,certain,18,,DET,19,discounts,det,discourse,,,,,,
5231,yeah con ese pase you can you know you can use it and you can you have certain discounts .,20,19,discounts,eng,discounts,19,,NOUN,17,have,obj,discourse,,,,,,
5231,yeah con ese pase you can you know you can use it and you can you have certain discounts .,20,20,.,0,.,20,,PUNCT,11,use,punct,discourse,,,,,,
10961,no sé o sea que que they were hemming the shirt .,12,1,no,spa,no,1,,ADV,2,sé,advmod,discourse,,,,,,
10961,no sé o sea que que they were hemming the shirt .,12,2,sé,spa,sé,2,,VERB,9,hemming,parataxis,discourse,,,,,,
10961,no sé o sea que que they were hemming the shirt .,12,3,o,spa,o,3,,,,nan,,discourse,,,,,,
10961,no sé o sea que que they were hemming the shirt .,12,4,sea,spa,sea,4,,,,nan,,discourse,,,,,,
10961,no sé o sea que que they were hemming the shirt .,12,,,,o_sea,3.1,,SCONJ,9,hemming,discourse,discourse,,,,,,
10961,no sé o sea que que they were hemming the shirt .,12,5,que,spa,que,5,,SCONJ,9,hemming,mark,discourse,,,,,,
10961,no sé o sea que que they were hemming the shirt .,12,6,que,spa,que,6,,SCONJ,9,hemming,mark,discourse,,,,,,
10961,no sé o sea que que they were hemming the shirt .,12,7,they,eng,they,7,,PRON,9,hemming,nsubj,discourse,,,,,,
10961,no sé o sea que que they were hemming the shirt .,12,8,were,eng,were,8,,AUX,9,hemming,aux,discourse,,,,,,
10961,no sé o sea que que they were hemming the shirt .,12,9,hemming,eng,hemming,9,,VERB,0,root,root,discourse,,,,,,
10961,no sé o sea que que they were hemming the shirt .,12,10,the,eng,the,10,,DET,11,shirt,det,discourse,,,,,,
10961,no sé o sea que que they were hemming the shirt .,12,11,shirt,eng,shirt,11,,NOUN,9,hemming,obj,discourse,,,,,,
10961,no sé o sea que que they were hemming the shirt .,12,12,.,0,.,12,,PUNCT,9,hemming,punct,discourse,,,,,,
11143,mira Mariela nos vamos a tener que get rid of .,11,1,mira,spa,mira,1,,VERB,8,get,discourse,discourse,,,,,,
11143,mira Mariela nos vamos a tener que get rid of .,11,2,Mariela,eng&spa,Mariela,2,,PROPN,1,mira,vocative,discourse,,,,,,
11143,mira Mariela nos vamos a tener que get rid of .,11,3,nos,spa,nos,3,,PRON,4,vamos,nsubj,discourse,,,,,,
11143,mira Mariela nos vamos a tener que get rid of .,11,4,vamos,spa,vamos,4,,AUX,1,mira,aux,discourse,,,,,,
11143,mira Mariela nos vamos a tener que get rid of .,11,5,a,spa,a,5,,SCONJ,6,tener,mark,discourse,,,,,,
11143,mira Mariela nos vamos a tener que get rid of .,11,6,tener,spa,tener,6,,AUX,4,vamos,aux,discourse,,,,,,
11143,mira Mariela nos vamos a tener que get rid of .,11,7,que,spa,que,7,,SCONJ,8,get,mark,discourse,,,,,,
11143,mira Mariela nos vamos a tener que get rid of .,11,8,get,eng,get,8,,VERB,0,root,root,discourse,,,,,,
11143,mira Mariela nos vamos a tener que get rid of .,11,9,rid,eng,rid,9,,VERB,8,get,xcomp,discourse,,,,,,
11143,mira Mariela nos vamos a tener que get rid of .,11,10,of,eng,of,10,,ADP,6,tener,dep,discourse,,,,,,
11143,mira Mariela nos vamos a tener que get rid of .,11,11,.,0,.,11,,PUNCT,8,get,punct,discourse,,,,,,
12001,a mí no me gusta el pan cuando ew hotdog .,11,1,a,spa,a,1,,ADP,2,mí,case,discourse,,,,,,
12001,a mí no me gusta el pan cuando ew hotdog .,11,2,mí,spa,mí,2,,PRON,5,gusta,iobj,discourse,,,,,,
12001,a mí no me gusta el pan cuando ew hotdog .,11,3,no,spa,no,3,,ADV,5,gusta,advmod,discourse,,,,,,
12001,a mí no me gusta el pan cuando ew hotdog .,11,4,me,spa,me,4,,PRON,5,gusta,expl,discourse,,,,,,
12001,a mí no me gusta el pan cuando ew hotdog .,11,5,gusta,spa,gusta,5,,VERB,0,root,root,discourse,,,,,,
12001,a mí no me gusta el pan cuando ew hotdog .,11,6,el,spa,el,6,,DET,7,pan,det,discourse,,,,,,
12001,a mí no me gusta el pan cuando ew hotdog .,11,7,pan,spa,pan,7,,NOUN,5,gusta,nsubj,discourse,,,,,,
12001,a mí no me gusta el pan cuando ew hotdog .,11,8,cuando,spa,cuando,8,,SCONJ,5,gusta,dep,discourse,,,,,,
12001,a mí no me gusta el pan cuando ew hotdog .,11,9,ew,eng&spa,ew,9,,INTJ,5,gusta,discourse,discourse,,,,,,
12001,a mí no me gusta el pan cuando ew hotdog .,11,10,hotdog,eng,hotdog,10,,NOUN,5,gusta,dep,discourse,,,,,,
12001,a mí no me gusta el pan cuando ew hotdog .,11,11,.,0,.,11,,PUNCT,5,gusta,punct,discourse,,,,,,
13096,no baby por favor .,5,1,no,spa,no,1,,ADV,0,root,root,discourse,,,,,,
13096,no baby por favor .,5,2,baby,eng,baby,2,,NOUN,1,no,vocative,discourse,,,,,,
13096,no baby por favor .,5,3,por,spa,por_favor,3,,ADV,1,no,discourse,discourse,,,,,,
13096,no baby por favor .,5,4,favor,spa,por_favor,4,,ADV,1,no,discourse,discourse,,,,,,
13096,no baby por favor .,5,5,.,0,.,5,,PUNCT,1,no,punct,discourse,,,,,,
24608,el diecinueve exactly .,4,1,el,spa,el,1,,DET,2,diecinueve,det,discourse,,,,,,
24608,el diecinueve exactly .,4,2,diecinueve,spa,diecinueve,2,,NOUN,0,root,root,discourse,,,,,,
24608,el diecinueve exactly .,4,3,exactly,eng,exactly,3,,ADV,2,diecinueve,advmod,discourse,,,,,,
24608,el diecinueve exactly .,4,4,.,0,.,4,,PUNCT,2,diecinueve,punct,discourse,,,,,,
26787,pero she has like una mala fama .,8,1,pero,spa,pero,1,,CCONJ,3,has,discourse,discourse,,,,,,
26787,pero she has like una mala fama .,8,2,she,eng,she,2,,PRON,3,has,nsubj,discourse,,,,,,
26787,pero she has like una mala fama .,8,3,has,eng,has,3,,VERB,0,root,root,discourse,,,,,,
26787,pero she has like una mala fama .,8,4,like,eng,like,4,,ADV,3,has,discouse,discourse,,,,,,
26787,pero she has like una mala fama .,8,5,una,spa,una,5,,DET,7,fama,det,discourse,,,,,,
26787,pero she has like una mala fama .,8,6,mala,spa,mala,6,,ADJ,7,fama,amod,discourse,,,,,,
26787,pero she has like una mala fama .,8,7,fama,spa,fama,7,,NOUN,3,has,obj,discourse,,,,,,
26787,pero she has like una mala fama .,8,8,.,0,.,8,,PUNCT,3,has,punct,discourse,,,,,,
29592,pero like I watch them with my girlfriend and she explains .,12,1,pero,spa,pero,1,,CCONJ,4,watch,discourse,discourse,,,,,,
29592,pero like I watch them with my girlfriend and she explains .,12,2,like,eng,like,2,,ADV,4,watch,discourse,discourse,,,,,,
29592,pero like I watch them with my girlfriend and she explains .,12,3,I,eng,I,3,,PRON,4,watch,nsubj,discourse,,,,,,
29592,pero like I watch them with my girlfriend and she explains .,12,4,watch,eng,watch,4,,VERB,0,root,root,discourse,,,,,,
29592,pero like I watch them with my girlfriend and she explains .,12,5,them,eng,them,5,,PRON,4,watch,object,discourse,,,,,,
29592,pero like I watch them with my girlfriend and she explains .,12,6,with,eng,with ,6,,ADP,8,girlfriend,case,discourse,,,,,,
29592,pero like I watch them with my girlfriend and she explains .,12,7,my,eng,my,7,,DET,8,girlfriend,det,discourse,,,,,,
29592,pero like I watch them with my girlfriend and she explains .,12,8,girlfriend,eng,girlfriend,8,,NOUN,4,watch,obl,discourse,,,,,,
29592,pero like I watch them with my girlfriend and she explains .,12,9,and,eng,and,9,,CCONJ,11,explains,cc,discourse,,,,,,
29592,pero like I watch them with my girlfriend and she explains .,12,10,she,eng,she,10,,PRON,11,explains,nsubj,discourse,,,,,,
29592,pero like I watch them with my girlfriend and she explains .,12,11,explains,eng,explains,11,,VERB,4,watch,conj,discourse,,,,,,
29592,pero like I watch them with my girlfriend and she explains .,12,12,.,0,.,12,,PUNCT,4,watch,punct,discourse,,,,,,
37965,coño that's that diez dólares na más !?,8,1,coño,spa,coño,1,,INTJ,2.1,is,discourse,discourse,,,,,,
37965,coño that's that diez dólares na más !?,8,2,that's,eng,that,2,,PRON,2.1,is,nsubj,discourse,,,,,,
37965,coño that's that diez dólares na más !?,8,,,,is,2.1,,VERB,5,dólares,parataxis,discourse,,,,,,
37965,coño that's that diez dólares na más !?,8,3,that,eng,that,3,,DET,4,diez,det,discourse,,,,,,
37965,coño that's that diez dólares na más !?,8,4,diez,spa,diez,4,,NUM,5,dólares,nummod,discourse,,,,,,
37965,coño that's that diez dólares na más !?,8,5,dólares,spa,dólares,5,,NOUN,0,root,root,discourse,,,,,,
37965,coño that's that diez dólares na más !?,8,6,na,spa,na_más,6,,ADV,5,dólares,discourse,discourse,,,,,,
37965,coño that's that diez dólares na más !?,8,7,más,spa,na_más,7,,ADV,5,dólares,discourse,discourse,,,,,,
37965,coño that's that diez dólares na más !?,8,8,!?,0,!?,8,,PUNCT,5,dólares,punct,discourse,,,,,,
1722,speaking of Chile have you spoken to um eh Rodrigo y .,12,1,speaking,eng,speaking,1,,VERB,6,spoken,parataxis,"ellipses, ""fillers: uhm, eh,..."", discourse",,,,,,
1722,speaking of Chile have you spoken to um eh Rodrigo y .,12,2,of,eng,of,2,,ADP,3,Chile,case,"ellipses, ""fillers: uhm, eh,..."", discourse",,,,,,
1722,speaking of Chile have you spoken to um eh Rodrigo y .,12,3,Chile,eng&spa,Chile,3,,NOUN,1,speaking,obl,"ellipses, ""fillers: uhm, eh,..."", discourse",,,,,,
1722,speaking of Chile have you spoken to um eh Rodrigo y .,12,4,have,eng,have,4,,AUX,6,spoken,aux,"ellipses, ""fillers: uhm, eh,..."", discourse",,,,,,
1722,speaking of Chile have you spoken to um eh Rodrigo y .,12,5,you,eng,you,5,,PRON,5,you,nsubj,"ellipses, ""fillers: uhm, eh,..."", discourse",,,,,,
1722,speaking of Chile have you spoken to um eh Rodrigo y .,12,6,spoken,eng,spoken,6,,VERB,0,root,root,"ellipses, ""fillers: uhm, eh,..."", discourse",,,,,,
1722,speaking of Chile have you spoken to um eh Rodrigo y .,12,7,to,eng,to,7,,ADP,10,Rodrigo,case,"ellipses, ""fillers: uhm, eh,..."", discourse",,,,,,
1722,speaking of Chile have you spoken to um eh Rodrigo y .,12,8,um,eng,um,8,,INTJ,10,Rodrigo,discourse,"ellipses, ""fillers: uhm, eh,..."", discourse",,,,,,
1722,speaking of Chile have you spoken to um eh Rodrigo y .,12,9,eh,eng&spa,eh,9,,INTJ,10,Rodrigo,discourse,"ellipses, ""fillers: uhm, eh,..."", discourse",,,,,,
1722,speaking of Chile have you spoken to um eh Rodrigo y .,12,10,Rodrigo,eng&spa,Rodrigo,10,,PROPN,6,spoken,obl,"ellipses, ""fillers: uhm, eh,..."", discourse",,,,,,
1722,speaking of Chile have you spoken to um eh Rodrigo y .,12,11,y,spa,y,11,,CCONJ,6,spoken,dep,"ellipses, ""fillers: uhm, eh,..."", discourse",,,,,,
1722,speaking of Chile have you spoken to um eh Rodrigo y .,12,12,.,0,.,12,,PUNCT,1,speaking,punct,"ellipses, ""fillers: uhm, eh,..."", discourse",,,,,,
5299,so what eh bueno so I went to go check for you .,13,1,so,eng,so,1,,ADV,10,check,discourse,"fillers: uhm, eh,..., discourse",,,,,,
5299,so what eh bueno so I went to go check for you .,13,2,what,eng,what,2,,PRON,10,check,dep,"fillers: uhm, eh,..., discourse",,,,,,
5299,so what eh bueno so I went to go check for you .,13,3,eh,eng&spa,eh,3,,INTJ,10,check,discourse,"fillers: uhm, eh,..., discourse",,,,,,
5299,so what eh bueno so I went to go check for you .,13,4,bueno,spa,bueno,4,,ADV,10,check,discourse,"fillers: uhm, eh,..., discourse",,,,,,
5299,so what eh bueno so I went to go check for you .,13,5,so,eng,so,5,,ADV,10,check,discourse,"fillers: uhm, eh,..., discourse",,,,,,
5299,so what eh bueno so I went to go check for you .,13,6,I,eng,I,6,,PRON,7,went,nsubj,"fillers: uhm, eh,..., discourse",,,,,,
5299,so what eh bueno so I went to go check for you .,13,7,went,eng,went,7,,AUX,10,check,aux,"fillers: uhm, eh,..., discourse",,,,,,
5299,so what eh bueno so I went to go check for you .,13,8,to,eng,to,8,,ADP,9,go,mark,"fillers: uhm, eh,..., discourse",,,,,,
5299,so what eh bueno so I went to go check for you .,13,9,go,eng,go,9,,AUX,10,check,aux,"fillers: uhm, eh,..., discourse",,,,,,
5299,so what eh bueno so I went to go check for you .,13,10,check,eng,check,10,,VERB,0,root,root,"fillers: uhm, eh,..., discourse",,,,,,
5299,so what eh bueno so I went to go check for you .,13,11,for,eng,for,11,,ADP,12,you,case,"fillers: uhm, eh,..., discourse",,,,,,
5299,so what eh bueno so I went to go check for you .,13,12,you,eng,you,12,,PRON,10,check,obl,"fillers: uhm, eh,..., discourse",,,,,,
5299,so what eh bueno so I went to go check for you .,13,13,.,0,.,13,,PUNCT,9,go,punct,"fillers: uhm, eh,..., discourse",,,,,,
9263,las chiquititas entran a la casa cada rato para you know joder el parque .,15,1,las,spa,las,1,,DET,2,chiquititas,det,"slangs/curse, discourse",,,,,,
9263,las chiquititas entran a la casa cada rato para you know joder el parque .,15,2,chiquititas,spa,chiquititas,2,,NOUN,3,entran,nsubj,"slangs/curse, discourse",,,,,,
9263,las chiquititas entran a la casa cada rato para you know joder el parque .,15,3,entran,spa,entran,3,,VERB,0,root,root,"slangs/curse, discourse",,,,,,
9263,las chiquititas entran a la casa cada rato para you know joder el parque .,15,4,a,spa,a,4,,ADP,6,casa,case,"slangs/curse, discourse",,,,,,
9263,las chiquititas entran a la casa cada rato para you know joder el parque .,15,5,la,spa,la,5,,DET,6,casa,det,"slangs/curse, discourse",,,,,,
9263,las chiquititas entran a la casa cada rato para you know joder el parque .,15,6,casa,spa,casa,6,,NOUN,3,entran,obl,"slangs/curse, discourse",,,,,,
9263,las chiquititas entran a la casa cada rato para you know joder el parque .,15,7,cada,spa,cada,7,,DET,8,rato,det,"slangs/curse, discourse",,,,,,
9263,las chiquititas entran a la casa cada rato para you know joder el parque .,15,8,rato,spa,rato,8,,NOUN,3,entran,advmod,"slangs/curse, discourse",,,,,,
9263,las chiquititas entran a la casa cada rato para you know joder el parque .,15,9,para,spa,para,9,,ADP,14,parque,case,"slangs/curse, discourse",,,,,,
9263,las chiquititas entran a la casa cada rato para you know joder el parque .,15,10,you,eng,you,10,,,,nan,,"slangs/curse, discourse",,,,,,
9263,las chiquititas entran a la casa cada rato para you know joder el parque .,15,11,know,eng,know,11,,,,nan,,"slangs/curse, discourse",,,,,,
9263,las chiquititas entran a la casa cada rato para you know joder el parque .,15,,,,you_know,10.1,,PART,3,entran,discourse,"slangs/curse, discourse",,,,,,
9263,las chiquititas entran a la casa cada rato para you know joder el parque .,15,12,joder,spa,joder,12,,VERB,3,entran,discourse,"slangs/curse, discourse",,,,,,
9263,las chiquititas entran a la casa cada rato para you know joder el parque .,15,13,el,spa,el,13,,DET,14,parque,det,"slangs/curse, discourse",,,,,,
9263,las chiquititas entran a la casa cada rato para you know joder el parque .,15,14,parque,spa,parque,14,,NOUN,12,joder,obl,"slangs/curse, discourse",,,,,,
9263,las chiquititas entran a la casa cada rato para you know joder el parque .,15,15,.,0,.,15,,PUNCT,3,entran,punct,"slangs/curse, discourse",,,,,,
10351,oh my god sabes me estaba congelando .,8,1,oh,eng,oh,1,,,,nan,,"fillers: uhm, eh,..., discourse",,,,,,
10351,oh my god sabes me estaba congelando .,8,2,my,eng,my,2,,,,nan,,"fillers: uhm, eh,..., discourse",,,,,,
10351,oh my god sabes me estaba congelando .,8,3,god,eng,god,3,,,,nan,,"fillers: uhm, eh,..., discourse",,,,,,
10351,oh my god sabes me estaba congelando .,8,,,,Oh_my_god,1.1,,INTJ,7,congelando,discourse,"fillers: uhm, eh,..., discourse",,,,,,
10351,oh my god sabes me estaba congelando .,8,4,sabes,spa,sabes,4,,VERB,7,congelando,discourse,"fillers: uhm, eh,..., discourse",,,,,,
10351,oh my god sabes me estaba congelando .,8,5,me,spa,me,5,,PRON,7,congelando,expl:pv,"fillers: uhm, eh,..., discourse",,,,,,
10351,oh my god sabes me estaba congelando .,8,6,estaba,spa,estaba,6,,AUX,7,congelando,aux,"fillers: uhm, eh,..., discourse",,,,,,
10351,oh my god sabes me estaba congelando .,8,7,congelando,spa,congelando,7,,VERB,0,root,root,"fillers: uhm, eh,..., discourse",,,,,,
10351,oh my god sabes me estaba congelando .,8,8,.,0,.,8,,PUNCT,7,congelando,punct,"fillers: uhm, eh,..., discourse",,,,,,
11138,bueno you know what I'm just get a new like you have to get rid of the cat or or I'm not gonna move in .,26,1,bueno,spa,bueno,1,bueno,ADV,3,know,discourse,"discourse, contraction eng, break of thought",,,,,,
11138,bueno you know what I'm just get a new like you have to get rid of the cat or or I'm not gonna move in .,26,2,you,eng,you,2,you,PRON,3,know,nsubj,"discourse, contraction eng, break of thought",,,,,,
11138,bueno you know what I'm just get a new like you have to get rid of the cat or or I'm not gonna move in .,26,3,know,eng,know,3,know,VERB,8,get,scomp,"discourse, contraction eng, break of thought",,,,,,
11138,bueno you know what I'm just get a new like you have to get rid of the cat or or I'm not gonna move in .,26,4,what,eng,what,4,what,PRON,3,know,obj,"discourse, contraction eng, break of thought",,,,,,
11138,bueno you know what I'm just get a new like you have to get rid of the cat or or I'm not gonna move in .,26,5,I'm,eng,I,5,I,PRON,6,am,nsubj,"discourse, contraction eng, break of thought",,,,,,
11138,bueno you know what I'm just get a new like you have to get rid of the cat or or I'm not gonna move in .,26,,,,am,6,,AUX,8,get,rep,"discourse, contraction eng, break of thought",,,,,,
11138,bueno you know what I'm just get a new like you have to get rid of the cat or or I'm not gonna move in .,26,6,just,eng,just,7,just,ADV,8,get,rep,"discourse, contraction eng, break of thought",,,,,,
11138,bueno you know what I'm just get a new like you have to get rid of the cat or or I'm not gonna move in .,26,7,get,eng,get,8,get,VERB,0,root,root,"discourse, contraction eng, break of thought",,,,,,
11138,bueno you know what I'm just get a new like you have to get rid of the cat or or I'm not gonna move in .,26,8,a,eng,a,9,a,DET,10,new,det,"discourse, contraction eng, break of thought",,,,,,
11138,bueno you know what I'm just get a new like you have to get rid of the cat or or I'm not gonna move in .,26,9,new,eng,new,10,new,ADJ,8,get,dep,"discourse, contraction eng, break of thought",,,,,,
11138,bueno you know what I'm just get a new like you have to get rid of the cat or or I'm not gonna move in .,26,10,like,eng,like,11,like,SCONJ,13,have,mark,"discourse, contraction eng, break of thought",,,,,,
11138,bueno you know what I'm just get a new like you have to get rid of the cat or or I'm not gonna move in .,26,11,you,eng,you,12,you,PRON,13,have,nsubj,"discourse, contraction eng, break of thought",,,,,,
11138,bueno you know what I'm just get a new like you have to get rid of the cat or or I'm not gonna move in .,26,12,have,eng,have,13,have,AUX,14,to,aux,"discourse, contraction eng, break of thought",,,,,,
11138,bueno you know what I'm just get a new like you have to get rid of the cat or or I'm not gonna move in .,26,13,to,eng,to,14,to,PART,15,get,part,"discourse, contraction eng, break of thought",,,,,,
11138,bueno you know what I'm just get a new like you have to get rid of the cat or or I'm not gonna move in .,26,14,get,eng,get,15,get,VERB,8,get,advcl,"discourse, contraction eng, break of thought",,,,,,
11138,bueno you know what I'm just get a new like you have to get rid of the cat or or I'm not gonna move in .,26,15,rid,eng,rid,16,rid,ADJ,15,get,xcomp,"discourse, contraction eng, break of thought",,,,,,
11138,bueno you know what I'm just get a new like you have to get rid of the cat or or I'm not gonna move in .,26,16,of,eng,of,17,of,ADP,19,cat,case,"discourse, contraction eng, break of thought",,,,,,
11138,bueno you know what I'm just get a new like you have to get rid of the cat or or I'm not gonna move in .,26,17,the,eng,the,18,the,DET,19,cat,det,"discourse, contraction eng, break of thought",,,,,,
11138,bueno you know what I'm just get a new like you have to get rid of the cat or or I'm not gonna move in .,26,18,cat,eng,cat,19,cat,NOUN,16,rid,obl,"discourse, contraction eng, break of thought",,,,,,
11138,bueno you know what I'm just get a new like you have to get rid of the cat or or I'm not gonna move in .,26,19,or,eng,or,20,or,CCONJ,26,move,cc,"discourse, contraction eng, break of thought",,,,,,
11138,bueno you know what I'm just get a new like you have to get rid of the cat or or I'm not gonna move in .,26,20,or,eng,or,21,or,CCONJ,26,move,rep,"discourse, contraction eng, break of thought",,,,,,
11138,bueno you know what I'm just get a new like you have to get rid of the cat or or I'm not gonna move in .,26,21,I'm,eng,I,22,I,PRON,26,move,nsubj,"discourse, contraction eng, break of thought",,,,,,
11138,bueno you know what I'm just get a new like you have to get rid of the cat or or I'm not gonna move in .,26,,,,am,23,,AUX,26,move,aux,"discourse, contraction eng, break of thought",,,,,,
11138,bueno you know what I'm just get a new like you have to get rid of the cat or or I'm not gonna move in .,26,22,not,eng,not,24,not,ADV,26,move,advmod,"discourse, contraction eng, break of thought",,,,,,
11138,bueno you know what I'm just get a new like you have to get rid of the cat or or I'm not gonna move in .,26,23,gonna,eng,gonna,25,gonna,AUX,26,move,aux,"discourse, contraction eng, break of thought",,,,,,
11138,bueno you know what I'm just get a new like you have to get rid of the cat or or I'm not gonna move in .,26,24,move,eng,move,26,move,VERB,8,get,conj,"discourse, contraction eng, break of thought",,,,,,
11138,bueno you know what I'm just get a new like you have to get rid of the cat or or I'm not gonna move in .,26,25,in,eng,in,27,in,ADP,26,move,compound:prt,"discourse, contraction eng, break of thought",,,,,,
11138,bueno you know what I'm just get a new like you have to get rid of the cat or or I'm not gonna move in .,26,26,.,0,.,28,.,PUNCT,15,get,punct,"discourse, contraction eng, break of thought",,,,,,
11765,dice él que que no you know él nunca ha hecho nada así .,14,1,dice,spa,dice,1,,VERB,0,root,root,"discourse, repitition",,,,,,
11765,dice él que que no you know él nunca ha hecho nada así .,14,2,él,spa,él,2,,PRON,1,dice,nsubj,"discourse, repitition",,,,,,
11765,dice él que que no you know él nunca ha hecho nada así .,14,3,que,spa,que,3,,SCONJ,5,no,mark,"discourse, repitition",,,,,,
11765,dice él que que no you know él nunca ha hecho nada así .,14,4,que,spa,que,4,,SCONJ,5,no,mark,"discourse, repitition",,,,,,
11765,dice él que que no you know él nunca ha hecho nada así .,14,5,no,spa,no,5,,PART,1,dice,ccomp,"discourse, repitition",,,,,,
11765,dice él que que no you know él nunca ha hecho nada así .,14,6,you,eng,you,6,,,,nan,,"discourse, repitition",,,,,,
11765,dice él que que no you know él nunca ha hecho nada así .,14,7,know,eng,know,7,,,,nan,,"discourse, repitition",,,,,,
11765,dice él que que no you know él nunca ha hecho nada así .,14,,,,you_know,6.1,,PART,1,dice,discourse,"discourse, repitition",,,,,,
11765,dice él que que no you know él nunca ha hecho nada así .,14,8,él,spa,él,8,,PRON,11,hecho,nsubj,"discourse, repitition",,,,,,
11765,dice él que que no you know él nunca ha hecho nada así .,14,9,nunca,spa,nunca,9,,ADV,11,hecho,advmod,"discourse, repitition",,,,,,
11765,dice él que que no you know él nunca ha hecho nada así .,14,10,ha,spa,ha,10,,AUX,11,hecho,aux,"discourse, repitition",,,,,,
11765,dice él que que no you know él nunca ha hecho nada así .,14,11,hecho,spa,hecho,11,,VERB,1,dice,conj,"discourse, repitition",,,,,,
11765,dice él que que no you know él nunca ha hecho nada así .,14,12,nada,spa,nada,12,,PRON,11,hecho,obj,"discourse, repitition",,,,,,
11765,dice él que que no you know él nunca ha hecho nada así .,14,13,así,spa,así,13,,ADV,11,hecho,advmod,"discourse, repitition",,,,,,
11765,dice él que que no you know él nunca ha hecho nada así .,14,14,.,0,.,14,,PUNCT,1,dice,punct,"discourse, repitition",,,,,,
12159,pero él dice cosas que es you know que me frustran .,12,1,pero,spa,pero,1,,CCONJ,3,dice,discourse,"break of thought, discourse",,,,,,
12159,pero él dice cosas que es you know que me frustran .,12,2,él,spa,él,2,,PRON,3,dice,nsubj,"break of thought, discourse",,,,,,
12159,pero él dice cosas que es you know que me frustran .,12,3,dice,spa,dice,3,,VERB,0,root,root,"break of thought, discourse",,,,,,
12159,pero él dice cosas que es you know que me frustran .,12,4,cosas,spa,cosas,4,,NOUN,3,dice,obj,"break of thought, discourse",,,,,,
12159,pero él dice cosas que es you know que me frustran .,12,5,que,spa,que,5,,SCONJ,3,dice,mark,"break of thought, discourse",,,,,,
12159,pero él dice cosas que es you know que me frustran .,12,6,es,spa,es,6,,AUX,3,dice,dep,"break of thought, discourse",,,,,,
12159,pero él dice cosas que es you know que me frustran .,12,7,you,eng,you,7,,,,nan,,"break of thought, discourse",,,,,,
12159,pero él dice cosas que es you know que me frustran .,12,8,know,eng,know,8,,,,nan,,"break of thought, discourse",,,,,,
12159,pero él dice cosas que es you know que me frustran .,12,,,,you_know,7.1,,PART,3,dice,discourse,"break of thought, discourse",,,,,,
12159,pero él dice cosas que es you know que me frustran .,12,9,que,spa,que,9,,SCONJ,11,frustran,mark,"break of thought, discourse",,,,,,
12159,pero él dice cosas que es you know que me frustran .,12,10,me,spa,me,10,,PRON,11,frustran,iobj,"break of thought, discourse",,,,,,
12159,pero él dice cosas que es you know que me frustran .,12,11,frustran,spa,frustran,11,,VERB,4,cosas,acl:relcl,"break of thought, discourse",,,,,,
12159,pero él dice cosas que es you know que me frustran .,12,12,.,0,.,12,,PUNCT,3,dice,punct,"break of thought, discourse",,,,,,
12763,pues we are very like .,6,1,pues,spa,pues,1,,ADV,3,are,cc,"break of thought, ""fillers: uhm, eh,..."", discourse",,,,,,
12763,pues we are very like .,6,2,we,eng,we,2,,PRON,3,are,nsubj,"break of thought, ""fillers: uhm, eh,..."", discourse",,,,,,
12763,pues we are very like .,6,3,are,eng,are,3,,AUX,0,root,root,"break of thought, ""fillers: uhm, eh,..."", discourse",,,,,,
12763,pues we are very like .,6,4,very,eng,very,4,,ADV,3,are,dep,"break of thought, ""fillers: uhm, eh,..."", discourse",,,,,,
12763,pues we are very like .,6,5,like,eng,like,5,,ADV,3,are,discourse,"break of thought, ""fillers: uhm, eh,..."", discourse",,,,,,
12763,pues we are very like .,6,6,.,0,.,6,,PUNCT,3,are,punct,"break of thought, ""fillers: uhm, eh,..."", discourse",,,,,,
13329,bueno too bad .,4,1,bueno,spa,bueno,1,,ADV,3,bad,discourse,"ellipses, discourse, ""fillers: uhm, eh,...""",,,,,,
13329,bueno too bad .,4,2,too,eng,too,2,,ADV,3,bad,advmod,"ellipses, discourse, ""fillers: uhm, eh,...""",,,,,,
13329,bueno too bad .,4,3,bad,eng,bad,3,,ADJ,0,root,root,"ellipses, discourse, ""fillers: uhm, eh,...""",,,,,,
13329,bueno too bad .,4,4,.,0,.,4,,PUNCT,3,bad,punct,"ellipses, discourse, ""fillers: uhm, eh,...""",,,,,,
13531,coño pues that's not fair !,6,1,coño,spa,coño,1,,INTJ,6,fair,discourse,"slangs/curse, discourse, contraction eng",,,,,,
13531,coño pues that's not fair !,6,2,pues,spa,pues,2,,ADV,6,fair,cc,"slangs/curse, discourse, contraction eng",,,,,,
13531,coño pues that's not fair !,6,3,that's,eng,that,3,,PRON,4,is,nsubj,"slangs/curse, discourse, contraction eng",,,,,,
13531,coño pues that's not fair !,6,,,,is,4,,AUX,6,fair,cop,"slangs/curse, discourse, contraction eng",,,,,,
13531,coño pues that's not fair !,6,4,not,eng,not,5,,ADV,6,fair,advmod,"slangs/curse, discourse, contraction eng",,,,,,
13531,coño pues that's not fair !,6,5,fair,eng,fair,6,,ADJ,0,root,root,"slangs/curse, discourse, contraction eng",,,,,,
13531,coño pues that's not fair !,6,6,!,0,!,7,,PUNCT,6,fair,punct,"slangs/curse, discourse, contraction eng",,,,,,
13662,and Flavia estos these two guys they dropped her like she had butter you know .,16,1,and,eng,and,1,,CCONJ,8,dropped,cc,"code-switched repetition, ""fillers: uhm, eh,..."", discourse",,,,,,
13662,and Flavia estos these two guys they dropped her like she had butter you know .,16,2,Flavia,eng&spa,Flavia,2,,PROPN,8,dropped,vocative,"code-switched repetition, ""fillers: uhm, eh,..."", discourse",,,,,,
13662,and Flavia estos these two guys they dropped her like she had butter you know .,16,3,estos,spa,estos,3,,DET,6,guys,rep,"code-switched repetition, ""fillers: uhm, eh,..."", discourse",,,,,,
13662,and Flavia estos these two guys they dropped her like she had butter you know .,16,4,these,eng,these,4,,DET,6,guys,det,"code-switched repetition, ""fillers: uhm, eh,..."", discourse",,,,,,
13662,and Flavia estos these two guys they dropped her like she had butter you know .,16,5,two,eng,two,5,,NUM,6,guys,nummod,"code-switched repetition, ""fillers: uhm, eh,..."", discourse",,,,,,
13662,and Flavia estos these two guys they dropped her like she had butter you know .,16,6,guys,eng,guys,6,,NOUN,8,dropped,nsubj,"code-switched repetition, ""fillers: uhm, eh,..."", discourse",,,,,,
13662,and Flavia estos these two guys they dropped her like she had butter you know .,16,7,they,eng,they,7,,PRON,6,guys,nsubj,"code-switched repetition, ""fillers: uhm, eh,..."", discourse",,,,,,
13662,and Flavia estos these two guys they dropped her like she had butter you know .,16,8,dropped,eng,dropped,8,,VERB,0,root,root,"code-switched repetition, ""fillers: uhm, eh,..."", discourse",,,,,,
13662,and Flavia estos these two guys they dropped her like she had butter you know .,16,9,her,eng,her,9,,PRON,8,dropped,obj,"code-switched repetition, ""fillers: uhm, eh,..."", discourse",,,,,,
13662,and Flavia estos these two guys they dropped her like she had butter you know .,16,10,like,eng,like,10,,SCONJ,12,had,mark,"code-switched repetition, ""fillers: uhm, eh,..."", discourse",,,,,,
13662,and Flavia estos these two guys they dropped her like she had butter you know .,16,11,she,eng,she,11,,PRON,12,had,nsubj,"code-switched repetition, ""fillers: uhm, eh,..."", discourse",,,,,,
13662,and Flavia estos these two guys they dropped her like she had butter you know .,16,12,had,eng,had,12,,VERB,8,dropped,advcl,"code-switched repetition, ""fillers: uhm, eh,..."", discourse",,,,,,
13662,and Flavia estos these two guys they dropped her like she had butter you know .,16,13,butter,eng,butter,13,,NOUN,12,had,obj,"code-switched repetition, ""fillers: uhm, eh,..."", discourse",,,,,,
13662,and Flavia estos these two guys they dropped her like she had butter you know .,16,14,you,eng,you,14,,,,nan,,"code-switched repetition, ""fillers: uhm, eh,..."", discourse",,,,,,
13662,and Flavia estos these two guys they dropped her like she had butter you know .,16,15,know,eng,know,15,,,,nan,,"code-switched repetition, ""fillers: uhm, eh,..."", discourse",,,,,,
13662,and Flavia estos these two guys they dropped her like she had butter you know .,16,,,,you_know,14.1,,PART,8,dropped,discourse,"code-switched repetition, ""fillers: uhm, eh,..."", discourse",,,,,,
13662,and Flavia estos these two guys they dropped her like she had butter you know .,16,16,.,0,.,16,,PUNCT,8,dropped,punct,"code-switched repetition, ""fillers: uhm, eh,..."", discourse",,,,,,
14028,I was I mean yo tengo una buena nariz .,10,1,I,eng,I,1,,PRON,2,was,rep,"break of thought, discourse, ""fillers: uhm, eh,...""",,,,,,
14028,I was I mean yo tengo una buena nariz .,10,2,was,eng,was,2,,AUX,6,tengo,rep,"break of thought, discourse, ""fillers: uhm, eh,...""",,,,,,
14028,I was I mean yo tengo una buena nariz .,10,3,I,eng,I,3,,,,nan,,"break of thought, discourse, ""fillers: uhm, eh,...""",,,,,,
14028,I was I mean yo tengo una buena nariz .,10,4,mean,eng,mean,4,,,,nan,,"break of thought, discourse, ""fillers: uhm, eh,...""",,,,,,
14028,I was I mean yo tengo una buena nariz .,10,,,,I_mean,3.1,,PART,6,tengo,discourse,"break of thought, discourse, ""fillers: uhm, eh,...""",,,,,,
14028,I was I mean yo tengo una buena nariz .,10,5,yo,spa,yo,5,,PRON,6,tengo,nsubj,"break of thought, discourse, ""fillers: uhm, eh,...""",,,,,,
14028,I was I mean yo tengo una buena nariz .,10,6,tengo,spa,tengo,6,,VERB,0,root,root,"break of thought, discourse, ""fillers: uhm, eh,...""",,,,,,
14028,I was I mean yo tengo una buena nariz .,10,7,una,spa,una,7,,DET,9,nariz,det,"break of thought, discourse, ""fillers: uhm, eh,...""",,,,,,
14028,I was I mean yo tengo una buena nariz .,10,8,buena,spa,buena,8,,ADJ,9,nariz,amod,"break of thought, discourse, ""fillers: uhm, eh,...""",,,,,,
14028,I was I mean yo tengo una buena nariz .,10,9,nariz,spa,nariz,9,,NOUN,6,tengo,obj,"break of thought, discourse, ""fillers: uhm, eh,...""",,,,,,
14028,I was I mean yo tengo una buena nariz .,10,10,.,0,.,10,,PUNCT,6,tengo,punct,"break of thought, discourse, ""fillers: uhm, eh,...""",,,,,,
14227,sí pero te acuerdas te er do you remember the car accident I had ?,15,1,sí,spa,sí,1,,ADV,2,pero,discourse,"code-switched repetition, ""fillers: uhm, eh,..."", discourse",,,,,,
14227,sí pero te acuerdas te er do you remember the car accident I had ?,15,2,pero,spa,pero,2,,CCONJ,9,remember,discourse,"code-switched repetition, ""fillers: uhm, eh,..."", discourse",,,,,,
14227,sí pero te acuerdas te er do you remember the car accident I had ?,15,3,te,spa,te,3,,PRON,4,acuerdas,iobj,"code-switched repetition, ""fillers: uhm, eh,..."", discourse",,,,,,
14227,sí pero te acuerdas te er do you remember the car accident I had ?,15,4,acuerdas,spa,acuerdas,4,,VERB,9,remember,rep,"code-switched repetition, ""fillers: uhm, eh,..."", discourse",,,,,,
14227,sí pero te acuerdas te er do you remember the car accident I had ?,15,5,te,spa,te,5,,PRON,4,acuerdas,rep,"code-switched repetition, ""fillers: uhm, eh,..."", discourse",,,,,,
14227,sí pero te acuerdas te er do you remember the car accident I had ?,15,6,er,eng&spa,er,6,,INTJ,9,remember,discourse,"code-switched repetition, ""fillers: uhm, eh,..."", discourse",,,,,,
14227,sí pero te acuerdas te er do you remember the car accident I had ?,15,7,do,eng,do,7,,AUX,9,remember,aux,"code-switched repetition, ""fillers: uhm, eh,..."", discourse",,,,,,
14227,sí pero te acuerdas te er do you remember the car accident I had ?,15,8,you,eng,you,8,,PRON,9,remember,nsubj,"code-switched repetition, ""fillers: uhm, eh,..."", discourse",,,,,,
14227,sí pero te acuerdas te er do you remember the car accident I had ?,15,9,remember,eng,remember,9,,VERB,0,root,root,"code-switched repetition, ""fillers: uhm, eh,..."", discourse",,,,,,
14227,sí pero te acuerdas te er do you remember the car accident I had ?,15,10,the,eng,the,10,,DET,12,accident,det,"code-switched repetition, ""fillers: uhm, eh,..."", discourse",,,,,,
14227,sí pero te acuerdas te er do you remember the car accident I had ?,15,11,car,eng,car,11,,NOUN,12,accident,compound,"code-switched repetition, ""fillers: uhm, eh,..."", discourse",,,,,,
14227,sí pero te acuerdas te er do you remember the car accident I had ?,15,12,accident,eng,accident,12,,NOUN,9,remember,obj,"code-switched repetition, ""fillers: uhm, eh,..."", discourse",,,,,,
14227,sí pero te acuerdas te er do you remember the car accident I had ?,15,13,I,eng,I,13,,PRON,14,had,nsubj,"code-switched repetition, ""fillers: uhm, eh,..."", discourse",,,,,,
14227,sí pero te acuerdas te er do you remember the car accident I had ?,15,14,had,eng,had,14,,VERB,12,accident,acl:relcl,"code-switched repetition, ""fillers: uhm, eh,..."", discourse",,,,,,
14227,sí pero te acuerdas te er do you remember the car accident I had ?,15,15,?,0,?,15,,PUNCT,9,remember,punct,"code-switched repetition, ""fillers: uhm, eh,..."", discourse",,,,,,
14648,I think that maybe the the building of the er of the building construir el edificio it was part of the deal I guess .,25,1,I,eng,I,1,,PRON,2,think,nsubj,"repitition, discourse, break of thought, ""fillers: uhm, eh,...""",,,,,,
14648,I think that maybe the the building of the er of the building construir el edificio it was part of the deal I guess .,25,2,think,eng,think,2,,VERB,0,root,root,"repitition, discourse, break of thought, ""fillers: uhm, eh,...""",,,,,,
14648,I think that maybe the the building of the er of the building construir el edificio it was part of the deal I guess .,25,3,that,eng,that,3,,SCONJ,2,think,mark,"repitition, discourse, break of thought, ""fillers: uhm, eh,...""",,,,,,
14648,I think that maybe the the building of the er of the building construir el edificio it was part of the deal I guess .,25,4,maybe,eng,maybe,4,,ADV,2,think,advmod,"repitition, discourse, break of thought, ""fillers: uhm, eh,...""",,,,,,
14648,I think that maybe the the building of the er of the building construir el edificio it was part of the deal I guess .,25,5,the,eng,the,5,,DET,7,building,det,"repitition, discourse, break of thought, ""fillers: uhm, eh,...""",,,,,,
14648,I think that maybe the the building of the er of the building construir el edificio it was part of the deal I guess .,25,6,the,eng,the,6,,DET,7,building,rep,"repitition, discourse, break of thought, ""fillers: uhm, eh,...""",,,,,,
14648,I think that maybe the the building of the er of the building construir el edificio it was part of the deal I guess .,25,7,building,eng,building,7,,NOUN,2,think,dep,"repitition, discourse, break of thought, ""fillers: uhm, eh,...""",,,,,,
14648,I think that maybe the the building of the er of the building construir el edificio it was part of the deal I guess .,25,8,of,eng,of,8,,ADP,7,building,dep,"repitition, discourse, break of thought, ""fillers: uhm, eh,...""",,,,,,
14648,I think that maybe the the building of the er of the building construir el edificio it was part of the deal I guess .,25,9,the,eng,the,9,,DET,7,building,rep,"repitition, discourse, break of thought, ""fillers: uhm, eh,...""",,,,,,
14648,I think that maybe the the building of the er of the building construir el edificio it was part of the deal I guess .,25,10,er,eng&spa,er,10,,INTJ,2,think,discourse,"repitition, discourse, break of thought, ""fillers: uhm, eh,...""",,,,,,
14648,I think that maybe the the building of the er of the building construir el edificio it was part of the deal I guess .,25,11,of,eng,of,11,,ADP,13,building,rep,"repitition, discourse, break of thought, ""fillers: uhm, eh,...""",,,,,,
14648,I think that maybe the the building of the er of the building construir el edificio it was part of the deal I guess .,25,12,the,eng,the,12,,DET,13,building,rep,"repitition, discourse, break of thought, ""fillers: uhm, eh,...""",,,,,,
14648,I think that maybe the the building of the er of the building construir el edificio it was part of the deal I guess .,25,13,building,eng,building,13,,NOUN,2,think,rep,"repitition, discourse, break of thought, ""fillers: uhm, eh,...""",,,,,,
14648,I think that maybe the the building of the er of the building construir el edificio it was part of the deal I guess .,25,14,construir,spa,construir,14,,NOUN,18,was,csubj,"repitition, discourse, break of thought, ""fillers: uhm, eh,...""",,,,,,
14648,I think that maybe the the building of the er of the building construir el edificio it was part of the deal I guess .,25,15,el,spa,el,15,,DET,16,edificio,det,"repitition, discourse, break of thought, ""fillers: uhm, eh,...""",,,,,,
14648,I think that maybe the the building of the er of the building construir el edificio it was part of the deal I guess .,25,16,edificio,spa,edificio,16,,NOUN,14,construir,obj,"repitition, discourse, break of thought, ""fillers: uhm, eh,...""",,,,,,
14648,I think that maybe the the building of the er of the building construir el edificio it was part of the deal I guess .,25,17,it,eng,it,17,,PRON,18,was,expl,"repitition, discourse, break of thought, ""fillers: uhm, eh,...""",,,,,,
14648,I think that maybe the the building of the er of the building construir el edificio it was part of the deal I guess .,25,18,was,eng,was,18,,AUX,19,part,cop,"repitition, discourse, break of thought, ""fillers: uhm, eh,...""",,,,,,
14648,I think that maybe the the building of the er of the building construir el edificio it was part of the deal I guess .,25,19,part,eng,part,19,,NOUN,18,was,ccomp,"repitition, discourse, break of thought, ""fillers: uhm, eh,...""",,,,,,
14648,I think that maybe the the building of the er of the building construir el edificio it was part of the deal I guess .,25,20,of,eng,of,20,,ADP,22,deal,case,"repitition, discourse, break of thought, ""fillers: uhm, eh,...""",,,,,,
14648,I think that maybe the the building of the er of the building construir el edificio it was part of the deal I guess .,25,21,the,eng,the,21,,DET,22,deal,det,"repitition, discourse, break of thought, ""fillers: uhm, eh,...""",,,,,,
14648,I think that maybe the the building of the er of the building construir el edificio it was part of the deal I guess .,25,22,deal,eng,deal,22,,NOUN,19,part,nmod,"repitition, discourse, break of thought, ""fillers: uhm, eh,...""",,,,,,
14648,I think that maybe the the building of the er of the building construir el edificio it was part of the deal I guess .,25,23,I,eng,I,23,,,,nan,,"repitition, discourse, break of thought, ""fillers: uhm, eh,...""",,,,,,
14648,I think that maybe the the building of the er of the building construir el edificio it was part of the deal I guess .,25,24,guess,eng,guess,24,,,,nan,,"repitition, discourse, break of thought, ""fillers: uhm, eh,...""",,,,,,
14648,I think that maybe the the building of the er of the building construir el edificio it was part of the deal I guess .,25,,,,I_guess,23.1,,PART,2,think,discourse,"repitition, discourse, break of thought, ""fillers: uhm, eh,...""",,,,,,
14648,I think that maybe the the building of the er of the building construir el edificio it was part of the deal I guess .,25,25,.,0,.,25,,PUNCT,2,think,punct,"repitition, discourse, break of thought, ""fillers: uhm, eh,...""",,,,,,
16785,ay pobre I think she's very like like .,9,1,ay,spa,ay,1,,PART,4,think,discourse,"repitition, discourse, ""fillers: uhm, eh,..."", break of thought",,,,,,
16785,ay pobre I think she's very like like .,9,2,pobre,spa,pobre,2,,NOUN,4,think,discourse,"repitition, discourse, ""fillers: uhm, eh,..."", break of thought",,,,,,
16785,ay pobre I think she's very like like .,9,3,I,eng,I,3,,PRON,4,think,nsubj,"repitition, discourse, ""fillers: uhm, eh,..."", break of thought",,,,,,
16785,ay pobre I think she's very like like .,9,4,think,eng,think,4,,VERB,0,root,root,"repitition, discourse, ""fillers: uhm, eh,..."", break of thought",,,,,,
16785,ay pobre I think she's very like like .,9,5,she's,eng,she's,5,,PRON,6,very,nsubj,"repitition, discourse, ""fillers: uhm, eh,..."", break of thought",,,,,,
16785,ay pobre I think she's very like like .,9,,,,,,,AUX,4,think,cop,"repitition, discourse, ""fillers: uhm, eh,..."", break of thought",,,,,,
16785,ay pobre I think she's very like like .,9,6,very,eng,very,6,,ADV,6,very,advmod,"repitition, discourse, ""fillers: uhm, eh,..."", break of thought",,,,,,
16785,ay pobre I think she's very like like .,9,7,like,eng,like,7,,ADV,6,very,discourse,"repitition, discourse, ""fillers: uhm, eh,..."", break of thought",,,,,,
16785,ay pobre I think she's very like like .,9,8,like,eng,like,8,,ADV,6,very,rep,"repitition, discourse, ""fillers: uhm, eh,..."", break of thought",,,,,,
16785,ay pobre I think she's very like like .,9,9,.,0,.,9,,PUNCT,6,very,punct,"repitition, discourse, ""fillers: uhm, eh,..."", break of thought",,,,,,
1152,y también fuimos al fuimos por a we were outside looking window shopping in Black_and_White White White .,18,1,y,spa,y,1,,CCONJ,3,fuimos,cc,"contraction spa, break of thought, compound",,,,,,
1152,y también fuimos al fuimos por a we were outside looking window shopping in Black_and_White White White .,18,2,también,spa,también,2,,ADV,3,fuimos,advmod,"contraction spa, break of thought, compound",,,,,,
1152,y también fuimos al fuimos por a we were outside looking window shopping in Black_and_White White White .,18,3,fuimos,spa,fuimos,3,,AUX,0,root,root,"contraction spa, break of thought, compound",,,,,,
1152,y también fuimos al fuimos por a we were outside looking window shopping in Black_and_White White White .,18,4,al,spa,a,4,,ADP,5,el,case,"contraction spa, break of thought, compound",,,,,,
1152,y también fuimos al fuimos por a we were outside looking window shopping in Black_and_White White White .,18,,,,el,5,,DET,3,fuimos,dep,"contraction spa, break of thought, compound",,,,,,
1152,y también fuimos al fuimos por a we were outside looking window shopping in Black_and_White White White .,18,5,fuimos,spa,fuimos,6,,VERB,3,fuimos,parataxis,"contraction spa, break of thought, compound",,,,,,
1152,y también fuimos al fuimos por a we were outside looking window shopping in Black_and_White White White .,18,6,por,spa,por,7,,ADP,3,fuimos,dep,"contraction spa, break of thought, compound",,,,,,
1152,y también fuimos al fuimos por a we were outside looking window shopping in Black_and_White White White .,18,7,a,spa,a,8,,ADP,3,fuimos,dep,"contraction spa, break of thought, compound",,,,,,
1152,y también fuimos al fuimos por a we were outside looking window shopping in Black_and_White White White .,18,8,we,eng,we,9,,PRON,10,were,nsubj,"contraction spa, break of thought, compound",,,,,,
1152,y también fuimos al fuimos por a we were outside looking window shopping in Black_and_White White White .,18,9,were,eng,were,10,,AUX,3,fuimos,cop,"contraction spa, break of thought, compound",,,,,,
1152,y también fuimos al fuimos por a we were outside looking window shopping in Black_and_White White White .,18,10,outside,eng,outside,11,,ADV,10,were,advmod,"contraction spa, break of thought, compound",,,,,,
1152,y también fuimos al fuimos por a we were outside looking window shopping in Black_and_White White White .,18,11,looking,eng,looking,12,,VERB,11,outside,xcomp,"contraction spa, break of thought, compound",,,,,,
1152,y también fuimos al fuimos por a we were outside looking window shopping in Black_and_White White White .,18,12,window,eng,window,13,,NOUN,14,shopping,compound,"contraction spa, break of thought, compound",,,,,,
1152,y también fuimos al fuimos por a we were outside looking window shopping in Black_and_White White White .,18,13,shopping,eng,shopping,14,,NOUN,12,looking,obj,"contraction spa, break of thought, compound",,,,,,
1152,y también fuimos al fuimos por a we were outside looking window shopping in Black_and_White White White .,18,14,in,eng,in,15,,ADP,12,looking,case,"contraction spa, break of thought, compound",,,,,,
1152,y también fuimos al fuimos por a we were outside looking window shopping in Black_and_White White White .,18,15,Black_and_White,eng&spa,Black_and_White,16,,PROPN,15,in,obl,"contraction spa, break of thought, compound",,,,,,
1152,y también fuimos al fuimos por a we were outside looking window shopping in Black_and_White White White .,18,16,White,eng&spa,White,17,,PROPN,15,in,dep,"contraction spa, break of thought, compound",,,,,,
1152,y también fuimos al fuimos por a we were outside looking window shopping in Black_and_White White White .,18,17,White,eng&spa,White,18,,PROPN,15,in,rep,"contraction spa, break of thought, compound",,,,,,
1152,y también fuimos al fuimos por a we were outside looking window shopping in Black_and_White White White .,18,18,.,0,.,19,,PUNCT,3,fuimos,punct,"contraction spa, break of thought, compound",,,,,,
9462,tenía tanto pánico que that I went to her fucking house .,12,1,tenía,spa,tenía,1,,VERB,0,root,root,"code-switched repetition, slangs/curse",,,,,,
9462,tenía tanto pánico que that I went to her fucking house .,12,2,tanto,spa,tanto,2,,DET,3,pánico,det,"code-switched repetition, slangs/curse",,,,,,
9462,tenía tanto pánico que that I went to her fucking house .,12,3,pánico,spa,pánico,3,,NOUN,1,tenía,obj,"code-switched repetition, slangs/curse",,,,,,
9462,tenía tanto pánico que that I went to her fucking house .,12,4,que,spa,que,4,,SCONJ,7,went,mark,"code-switched repetition, slangs/curse",,,,,,
9462,tenía tanto pánico que that I went to her fucking house .,12,5,that,eng,that,5,,SCONJ,7,went,rep,"code-switched repetition, slangs/curse",,,,,,
9462,tenía tanto pánico que that I went to her fucking house .,12,6,I,eng,I,6,,PRON,7,went,nsubj,"code-switched repetition, slangs/curse",,,,,,
9462,tenía tanto pánico que that I went to her fucking house .,12,7,went,eng,went,7,,VERB,1,tenía,ccomp,"code-switched repetition, slangs/curse",,,,,,
9462,tenía tanto pánico que that I went to her fucking house .,12,8,to,eng,to,8,,ADP,11,house,case,"code-switched repetition, slangs/curse",,,,,,
9462,tenía tanto pánico que that I went to her fucking house .,12,9,her,eng,her,9,,DET,11,house,det,"code-switched repetition, slangs/curse",,,,,,
9462,tenía tanto pánico que that I went to her fucking house .,12,10,fucking,eng,fucking,10,,ADJ,11,house,amod,"code-switched repetition, slangs/curse",,,,,,
9462,tenía tanto pánico que that I went to her fucking house .,12,11,house,eng,house,11,,NOUN,7,went,obl,"code-switched repetition, slangs/curse",,,,,,
9462,tenía tanto pánico que that I went to her fucking house .,12,12,.,0,.,12,,PUNCT,1,tenía,punct,"code-switched repetition, slangs/curse",,,,,,
13188,my sister_in_law quiere que haga you know .,8,1,my,eng,my,1,,DET,2,sister_in_law,det,"compound, discourse",,,,,,
13188,my sister_in_law quiere que haga you know .,8,2,sister_in_law,eng,sister_in_law,2,,NOUN,3,quiere,nsubj,"compound, discourse",,,,,,
13188,my sister_in_law quiere que haga you know .,8,3,quiere,spa,quiere,3,,VERB,0,root,root,"compound, discourse",,,,,,
13188,my sister_in_law quiere que haga you know .,8,4,que,spa,que,4,,SCONJ,5,haga,mark,"compound, discourse",,,,,,
13188,my sister_in_law quiere que haga you know .,8,5,haga,spa,haga,5,,VERB,3,quiere,ccomp,"compound, discourse",,,,,,
13188,my sister_in_law quiere que haga you know .,8,6,you,eng,you,6,,,,nan,,"compound, discourse",,,,,,
13188,my sister_in_law quiere que haga you know .,8,7,know,eng,know,7,,,,nan,,"compound, discourse",,,,,,
13188,my sister_in_law quiere que haga you know .,,,,,you_know,6.1,,PART,,nan,discourse,"compound, discourse",,,,,,
13188,my sister_in_law quiere que haga you know .,8,8,.,0,.,8,,PUNCT,3,quiere,punct,"compound, discourse",,,,,,
19082,que fue they said there was like forty thousand motorcycles there .,12,1,que,spa,que,1,,SCONJ,2,fue,mark,"complex, discourse, compound",,,,,,
19082,que fue they said there was like forty thousand motorcycles there .,12,2,fue,spa,fue,2,,AUX,4,said,dep,"complex, discourse, compound",,,,,,
19082,que fue they said there was like forty thousand motorcycles there .,12,3,they,eng,they,3,,PRON,4,said,nsubj,"complex, discourse, compound",,,,,,
19082,que fue they said there was like forty thousand motorcycles there .,12,4,said,eng,said,4,,VERB,0,root,root,"complex, discourse, compound",,,,,,
19082,que fue they said there was like forty thousand motorcycles there .,12,5,there,eng,there,5,,PRON,6,was,expl,"complex, discourse, compound",,,,,,
19082,que fue they said there was like forty thousand motorcycles there .,12,6,was,eng,was,6,,AUX,4,said,ccomp,"complex, discourse, compound",,,,,,
19082,que fue they said there was like forty thousand motorcycles there .,12,7,like,eng,like,7,,ADV,9,thousand,advmod,"complex, discourse, compound",,,,,,
19082,que fue they said there was like forty thousand motorcycles there .,12,8,forty,eng,forty,8,,NUM,9,thousand,nummod,"complex, discourse, compound",,,,,,
19082,que fue they said there was like forty thousand motorcycles there .,12,9,thousand,eng,thousand,9,,NUM,10,motorcycles,nummod,"complex, discourse, compound",,,,,,
19082,que fue they said there was like forty thousand motorcycles there .,12,10,motorcycles,eng,motorcycles,10,,NOUN,6,was,nsubj,"complex, discourse, compound",,,,,,
19082,que fue they said there was like forty thousand motorcycles there .,12,11,there,eng,there,11,,ADV,6,was,advmod,"complex, discourse, compound",,,,,,
19082,que fue they said there was like forty thousand motorcycles there .,12,12,.,0,.,12,,PUNCT,4,said,punct,"complex, discourse, compound",,,,,,
21760,bueno mi viejo está he's very happy .,8,1,bueno,spa,bueno,1,,ADV,8,happy,discourse,"code-switched repetition, discourse, ""fillers: uhm, eh,...""",,,,,,
21760,bueno mi viejo está he's very happy .,8,2,mi,spa,mi,2,,DET,3,viejo,det,"code-switched repetition, discourse, ""fillers: uhm, eh,...""",,,,,,
21760,bueno mi viejo está he's very happy .,8,3,viejo,spa,viejo,3,,NOUN,8,happy,nsubj,"code-switched repetition, discourse, ""fillers: uhm, eh,...""",,,,,,
21760,bueno mi viejo está he's very happy .,8,4,está,spa,está,4,,AUX,8,happy,cop,"code-switched repetition, discourse, ""fillers: uhm, eh,...""",,,,,,
21760,bueno mi viejo está he's very happy .,8,5,he's,eng,he,5,,PRON,8,happy,nsubj,"code-switched repetition, discourse, ""fillers: uhm, eh,...""",,,,,,
21760,bueno mi viejo está he's very happy .,8,,,,is,6,,AUX,8,happy,cop,"code-switched repetition, discourse, ""fillers: uhm, eh,...""",,,,,,
21760,bueno mi viejo está he's very happy .,8,6,very,eng,very,7,,ADV,8,happy,advmod,"code-switched repetition, discourse, ""fillers: uhm, eh,...""",,,,,,
21760,bueno mi viejo está he's very happy .,8,7,happy,eng,happy,8,,ADJ,0,root,root,"code-switched repetition, discourse, ""fillers: uhm, eh,...""",,,,,,
21760,bueno mi viejo está he's very happy .,8,8,.,0,.,9,,PUNCT,8,happy,punct,"code-switched repetition, discourse, ""fillers: uhm, eh,...""",,,,,,
24724,I mean casi todo el mundo de los países suramericanos se van para New_Jersey or New_York you know .,19,1,I,eng,I,1,,,,nan,,"discourse, ""fillers: uhm, eh,..."", compound",,,,,,
24724,I mean casi todo el mundo de los países suramericanos se van para New_Jersey or New_York you know .,19,2,mean,eng,mean,2,,,,nan,,"discourse, ""fillers: uhm, eh,..."", compound",,,,,,
24724,I mean casi todo el mundo de los países suramericanos se van para New_Jersey or New_York you know .,19,,,,I_mean,1.1,,PART,12,van,discourse,"discourse, ""fillers: uhm, eh,..."", compound",,,,,,
24724,I mean casi todo el mundo de los países suramericanos se van para New_Jersey or New_York you know .,19,3,casi,spa,casi,3,,ADV,4,todo,advmod,"discourse, ""fillers: uhm, eh,..."", compound",,,,,,
24724,I mean casi todo el mundo de los países suramericanos se van para New_Jersey or New_York you know .,19,4,todo,spa,todo,4,,ADV,6,mundo,nmod,"discourse, ""fillers: uhm, eh,..."", compound",,,,,,
24724,I mean casi todo el mundo de los países suramericanos se van para New_Jersey or New_York you know .,19,5,el,spa,el,5,,DET,6,mundo,det,"discourse, ""fillers: uhm, eh,..."", compound",,,,,,
24724,I mean casi todo el mundo de los países suramericanos se van para New_Jersey or New_York you know .,19,6,mundo,spa,mundo,6,,NOUN,12,van,nsubj,"discourse, ""fillers: uhm, eh,..."", compound",,,,,,
24724,I mean casi todo el mundo de los países suramericanos se van para New_Jersey or New_York you know .,19,7,de,spa,de,7,,ADP,9,países,case,"discourse, ""fillers: uhm, eh,..."", compound",,,,,,
24724,I mean casi todo el mundo de los países suramericanos se van para New_Jersey or New_York you know .,19,8,los,spa,los,8,,DET,6,mundo,det,"discourse, ""fillers: uhm, eh,..."", compound",,,,,,
24724,I mean casi todo el mundo de los países suramericanos se van para New_Jersey or New_York you know .,19,9,países,spa,países,9,,NOUN,6,mundo,nmod,"discourse, ""fillers: uhm, eh,..."", compound",,,,,,
24724,I mean casi todo el mundo de los países suramericanos se van para New_Jersey or New_York you know .,19,10,suramericanos,spa,suramericanos,10,,ADJ,9,países,amod,"discourse, ""fillers: uhm, eh,..."", compound",,,,,,
24724,I mean casi todo el mundo de los países suramericanos se van para New_Jersey or New_York you know .,19,11,se,spa,se,11,,PRON,12,van,expl,"discourse, ""fillers: uhm, eh,..."", compound",,,,,,
24724,I mean casi todo el mundo de los países suramericanos se van para New_Jersey or New_York you know .,19,12,van,spa,van,12,,VERB,0,root,root,"discourse, ""fillers: uhm, eh,..."", compound",,,,,,
24724,I mean casi todo el mundo de los países suramericanos se van para New_Jersey or New_York you know .,19,13,para,spa,para,13,,ADP,14,New_Jersey,case,"discourse, ""fillers: uhm, eh,..."", compound",,,,,,
24724,I mean casi todo el mundo de los países suramericanos se van para New_Jersey or New_York you know .,19,14,New_Jersey,eng,New_Jersey,14,,PROPN,12,van,obl:arg,"discourse, ""fillers: uhm, eh,..."", compound",,,,,,
24724,I mean casi todo el mundo de los países suramericanos se van para New_Jersey or New_York you know .,19,15,or,eng,or,15,,CCONJ,16,New_York,cc,"discourse, ""fillers: uhm, eh,..."", compound",,,,,,
24724,I mean casi todo el mundo de los países suramericanos se van para New_Jersey or New_York you know .,19,16,New_York,eng,New_York,16,,PROPN,14,New_Jersey,conj,"discourse, ""fillers: uhm, eh,..."", compound",,,,,,
24724,I mean casi todo el mundo de los países suramericanos se van para New_Jersey or New_York you know .,19,17,you,eng,you,17,,,,nan,,"discourse, ""fillers: uhm, eh,..."", compound",,,,,,
24724,I mean casi todo el mundo de los países suramericanos se van para New_Jersey or New_York you know .,19,18,know,eng,know,18,,,,nan,,"discourse, ""fillers: uhm, eh,..."", compound",,,,,,
24724,I mean casi todo el mundo de los países suramericanos se van para New_Jersey or New_York you know .,19,,,,you_know,17.1,,PART,12,van,discourse,"discourse, ""fillers: uhm, eh,..."", compound",,,,,,
24724,I mean casi todo el mundo de los países suramericanos se van para New_Jersey or New_York you know .,19,19,.,0,.,19,,PUNCT,12,van,punct,"discourse, ""fillers: uhm, eh,..."", compound",,,,,,
25464,todos los meses los van a en vez de tener tres mil personas I'm gonna have at least um .,20,1,todos,spa,todos,1,,DET,3,meses,det,"break of thought, contraction eng, ""fillers: uhm, eh,..."", discourse",,,,,,
25464,todos los meses los van a en vez de tener tres mil personas I'm gonna have at least um .,20,2,los,spa,los,2,,DET,3,meses,det,"break of thought, contraction eng, ""fillers: uhm, eh,..."", discourse",,,,,,
25464,todos los meses los van a en vez de tener tres mil personas I'm gonna have at least um .,20,3,meses,spa,meses,3,,NOUN,5,van,advmod,"break of thought, contraction eng, ""fillers: uhm, eh,..."", discourse",,,,,,
25464,todos los meses los van a en vez de tener tres mil personas I'm gonna have at least um .,20,4,los,spa,los,4,,PRON,5,van,dep,"break of thought, contraction eng, ""fillers: uhm, eh,..."", discourse",,,,,,
25464,todos los meses los van a en vez de tener tres mil personas I'm gonna have at least um .,20,5,van,spa,van,5,,VERB,17,have,rep,"break of thought, contraction eng, ""fillers: uhm, eh,..."", discourse",,,,,,
25464,todos los meses los van a en vez de tener tres mil personas I'm gonna have at least um .,20,6,a,spa,a,6,,ADP,17,have,dep,"break of thought, contraction eng, ""fillers: uhm, eh,..."", discourse",,,,,,
25464,todos los meses los van a en vez de tener tres mil personas I'm gonna have at least um .,20,7,en,spa,en,7,,ADP,8,vez,case,"break of thought, contraction eng, ""fillers: uhm, eh,..."", discourse",,,,,,
25464,todos los meses los van a en vez de tener tres mil personas I'm gonna have at least um .,20,8,vez,spa,vez,8,,NOUN,17,have,advmod,"break of thought, contraction eng, ""fillers: uhm, eh,..."", discourse",,,,,,
25464,todos los meses los van a en vez de tener tres mil personas I'm gonna have at least um .,20,9,de,spa,de,9,,ADP,10,tener,mark,"break of thought, contraction eng, ""fillers: uhm, eh,..."", discourse",,,,,,
25464,todos los meses los van a en vez de tener tres mil personas I'm gonna have at least um .,20,10,tener,spa,tener,10,,VERB,8,vez,xcomp,"break of thought, contraction eng, ""fillers: uhm, eh,..."", discourse",,,,,,
25464,todos los meses los van a en vez de tener tres mil personas I'm gonna have at least um .,20,11,tres,spa,tres,11,,NUM,12,mil,nummod,"break of thought, contraction eng, ""fillers: uhm, eh,..."", discourse",,,,,,
25464,todos los meses los van a en vez de tener tres mil personas I'm gonna have at least um .,20,12,mil,spa,mil,12,,NUM,13,personas,nummod,"break of thought, contraction eng, ""fillers: uhm, eh,..."", discourse",,,,,,
25464,todos los meses los van a en vez de tener tres mil personas I'm gonna have at least um .,20,13,personas,spa,personas,13,,NOUN,10,tener,obj,"break of thought, contraction eng, ""fillers: uhm, eh,..."", discourse",,,,,,
25464,todos los meses los van a en vez de tener tres mil personas I'm gonna have at least um .,20,14,I'm,eng,I,14,,PRON,17,have,nsubj,"break of thought, contraction eng, ""fillers: uhm, eh,..."", discourse",,,,,,
25464,todos los meses los van a en vez de tener tres mil personas I'm gonna have at least um .,20,,,,am,15,,AUX,17,have,aux,"break of thought, contraction eng, ""fillers: uhm, eh,..."", discourse",,,,,,
25464,todos los meses los van a en vez de tener tres mil personas I'm gonna have at least um .,20,15,gonna,eng,gonna,16,,AUX,17,have,aux,"break of thought, contraction eng, ""fillers: uhm, eh,..."", discourse",,,,,,
25464,todos los meses los van a en vez de tener tres mil personas I'm gonna have at least um .,20,16,have,eng,have,17,,VERB,0,root,root,"break of thought, contraction eng, ""fillers: uhm, eh,..."", discourse",,,,,,
25464,todos los meses los van a en vez de tener tres mil personas I'm gonna have at least um .,20,17,at,eng,at,18,,ADP,19,least,case,"break of thought, contraction eng, ""fillers: uhm, eh,..."", discourse",,,,,,
25464,todos los meses los van a en vez de tener tres mil personas I'm gonna have at least um .,20,18,least,eng,least,19,,ADV,17,have,advmod,"break of thought, contraction eng, ""fillers: uhm, eh,..."", discourse",,,,,,
25464,todos los meses los van a en vez de tener tres mil personas I'm gonna have at least um .,20,19,um,eng,um,20,,INTJ,17,have,discourse,"break of thought, contraction eng, ""fillers: uhm, eh,..."", discourse",,,,,,
25464,todos los meses los van a en vez de tener tres mil personas I'm gonna have at least um .,20,20,.,0,.,21,,PUNCT,17,have,punct,"break of thought, contraction eng, ""fillers: uhm, eh,..."", discourse",,,,,,
28931,ah it's like like you know como que te enfocan que se se fue como que se va yendo así you know .,23,1,ah,eng,ah,1,,INTJ,11,enfocan,discourse,"fillers: uhm, eh,..., contraction eng, discourse, repitition",,,,,,
28931,ah it's like like you know como que te enfocan que se se fue como que se va yendo así you know .,23,2,it's,eng,it,2,,PRON,3,is,nsubj,"fillers: uhm, eh,..., contraction eng, discourse, repitition",,,,,,
28931,ah it's like like you know como que te enfocan que se se fue como que se va yendo así you know .,23,,,,is,3,,AUX,11,enfocan,discourse,"fillers: uhm, eh,..., contraction eng, discourse, repitition",,,,,,
28931,ah it's like like you know como que te enfocan que se se fue como que se va yendo así you know .,23,3,like,eng,like,4,,ADV,11,enfocan,discourse,"fillers: uhm, eh,..., contraction eng, discourse, repitition",,,,,,
28931,ah it's like like you know como que te enfocan que se se fue como que se va yendo así you know .,23,4,like,eng,like,5,,ADV,11,enfocan,discourse,"fillers: uhm, eh,..., contraction eng, discourse, repitition",,,,,,
28931,ah it's like like you know como que te enfocan que se se fue como que se va yendo así you know .,23,5,you,eng,you,6,,,,nan,,"fillers: uhm, eh,..., contraction eng, discourse, repitition",,,,,,
28931,ah it's like like you know como que te enfocan que se se fue como que se va yendo así you know .,23,6,know,eng,know,7,,,,nan,,"fillers: uhm, eh,..., contraction eng, discourse, repitition",,,,,,
28931,ah it's like like you know como que te enfocan que se se fue como que se va yendo así you know .,23,,,,you_know,6.1,,PART,11,enfocan,discourse,"fillers: uhm, eh,..., contraction eng, discourse, repitition",,,,,,
28931,ah it's like like you know como que te enfocan que se se fue como que se va yendo así you know .,23,7,como,spa,como,8,,,,nan,,"fillers: uhm, eh,..., contraction eng, discourse, repitition",,,,,,
28931,ah it's like like you know como que te enfocan que se se fue como que se va yendo así you know .,23,8,que,spa,que,9,,SCONJ,,nan,mark,"fillers: uhm, eh,..., contraction eng, discourse, repitition",,,,,,
28931,ah it's like like you know como que te enfocan que se se fue como que se va yendo así you know .,23,,,,como_que,8.1,,SCONJ,11,enfocan,discourse,"fillers: uhm, eh,..., contraction eng, discourse, repitition",,,,,,
28931,ah it's like like you know como que te enfocan que se se fue como que se va yendo así you know .,23,9,te,spa,te,10,,PRON,11,enfocan,obj,"fillers: uhm, eh,..., contraction eng, discourse, repitition",,,,,,
28931,ah it's like like you know como que te enfocan que se se fue como que se va yendo así you know .,23,10,enfocan,spa,enfocan,11,,VERB,0,root,root,"fillers: uhm, eh,..., contraction eng, discourse, repitition",,,,,,
28931,ah it's like like you know como que te enfocan que se se fue como que se va yendo así you know .,23,11,que,spa,que,12,,SCONJ,15,fue,mark,"fillers: uhm, eh,..., contraction eng, discourse, repitition",,,,,,
28931,ah it's like like you know como que te enfocan que se se fue como que se va yendo así you know .,23,12,se,spa,se,13,,PRON,15,fue,expl,"fillers: uhm, eh,..., contraction eng, discourse, repitition",,,,,,
28931,ah it's like like you know como que te enfocan que se se fue como que se va yendo así you know .,23,13,se,spa,se,14,,PRON,15,fue,rep,"fillers: uhm, eh,..., contraction eng, discourse, repitition",,,,,,
28931,ah it's like like you know como que te enfocan que se se fue como que se va yendo así you know .,23,14,fue,spa,fue,15,,VERB,11,enfocan,ccomp,"fillers: uhm, eh,..., contraction eng, discourse, repitition",,,,,,
28931,ah it's like like you know como que te enfocan que se se fue como que se va yendo así you know .,23,15,como,spa,como,16,,,,nan,,"fillers: uhm, eh,..., contraction eng, discourse, repitition",,,,,,
28931,ah it's like like you know como que te enfocan que se se fue como que se va yendo así you know .,23,16,que,spa,que,17,,SCONJ,,nan,mark,"fillers: uhm, eh,..., contraction eng, discourse, repitition",,,,,,
28931,ah it's like like you know como que te enfocan que se se fue como que se va yendo así you know .,23,,,,como_que,16.1,,SCONJ,20,yendo,discourse,"fillers: uhm, eh,..., contraction eng, discourse, repitition",,,,,,
28931,ah it's like like you know como que te enfocan que se se fue como que se va yendo así you know .,23,17,se,spa,se,18,,PRON,19,va,expl,"fillers: uhm, eh,..., contraction eng, discourse, repitition",,,,,,
28931,ah it's like like you know como que te enfocan que se se fue como que se va yendo así you know .,23,18,va,spa,va,19,,AUX,20,yendo,aux,"fillers: uhm, eh,..., contraction eng, discourse, repitition",,,,,,
28931,ah it's like like you know como que te enfocan que se se fue como que se va yendo así you know .,23,19,yendo,spa,yendo,20,,VERB,11,enfocan,ccomp,"fillers: uhm, eh,..., contraction eng, discourse, repitition",,,,,,
28931,ah it's like like you know como que te enfocan que se se fue como que se va yendo así you know .,23,20,así,spa,así,21,,ADV,18,se,discourse,"fillers: uhm, eh,..., contraction eng, discourse, repitition",,,,,,
28931,ah it's like like you know como que te enfocan que se se fue como que se va yendo así you know .,23,21,you,eng,you,22,,,,nan,,"fillers: uhm, eh,..., contraction eng, discourse, repitition",,,,,,
28931,ah it's like like you know como que te enfocan que se se fue como que se va yendo así you know .,23,22,know,eng,know,23,,,,nan,,"fillers: uhm, eh,..., contraction eng, discourse, repitition",,,,,,
28931,ah it's like like you know como que te enfocan que se se fue como que se va yendo así you know .,23,,,,you_know,22.1,,PART,11,enfocan,discourse,"fillers: uhm, eh,..., contraction eng, discourse, repitition",,,,,,
28931,ah it's like like you know como que te enfocan que se se fue como que se va yendo así you know .,23,23,.,0,.,24,,PUNCT,11,enfocan,punct,"fillers: uhm, eh,..., contraction eng, discourse, repitition",,,,,,
35176,qué mierda yo .,4,1,qué,spa,qué,1,,DET,2,mierda,det,,,,,,,
35176,qué mierda yo .,4,2,mierda,spa,mierda,2,,NOUN,0,root,root,,,,,,,
35176,qué mierda yo .,4,3,yo,eng,yo,3,,PRON,2,mierda,dep,,,,,,,
35176,qué mierda yo .,4,4,.,0,.,4,,PUNCT,2,mierda,punct,,,,,,,
35674,por por el momento pues no voy a quedarme sin hacer nada porque esta semana que viene grabamos así que voy a estar trabajando aunque tengo spring break pues no no voy a clase gracias a Dios .,38,1,por,spa,por,1,,ADP,4,momento,case,,,,,,,
35674,por por el momento pues no voy a quedarme sin hacer nada porque esta semana que viene grabamos así que voy a estar trabajando aunque tengo spring break pues no no voy a clase gracias a Dios .,38,2,por,spa,por,2,,ADP,4,momento,rep,,,,,,,
35674,por por el momento pues no voy a quedarme sin hacer nada porque esta semana que viene grabamos así que voy a estar trabajando aunque tengo spring break pues no no voy a clase gracias a Dios .,38,3,el,spa,el,3,,DET,4,momento,det,,,,,,,
35674,por por el momento pues no voy a quedarme sin hacer nada porque esta semana que viene grabamos así que voy a estar trabajando aunque tengo spring break pues no no voy a clase gracias a Dios .,38,4,momento,spa,momento,4,,NOUN,9,quedarme,obl,,,,,,,
35674,por por el momento pues no voy a quedarme sin hacer nada porque esta semana que viene grabamos así que voy a estar trabajando aunque tengo spring break pues no no voy a clase gracias a Dios .,38,5,pues,spa,pues,5,,ADV,9,quedarme,discourse,,,,,,,
35674,por por el momento pues no voy a quedarme sin hacer nada porque esta semana que viene grabamos así que voy a estar trabajando aunque tengo spring break pues no no voy a clase gracias a Dios .,38,6,no,spa,no,6,,ADV,9,quedarme,advmod,,,,,,,
35674,por por el momento pues no voy a quedarme sin hacer nada porque esta semana que viene grabamos así que voy a estar trabajando aunque tengo spring break pues no no voy a clase gracias a Dios .,38,7,voy,spa,voy,7,,AUX,9,quedarme,aux,,,,,,,
35674,por por el momento pues no voy a quedarme sin hacer nada porque esta semana que viene grabamos así que voy a estar trabajando aunque tengo spring break pues no no voy a clase gracias a Dios .,38,8,a,spa,a,8,,ADP,9,quedarme,mark,,,,,,,
35674,por por el momento pues no voy a quedarme sin hacer nada porque esta semana que viene grabamos así que voy a estar trabajando aunque tengo spring break pues no no voy a clase gracias a Dios .,38,9,quedarme,spa,quedarme,9,,VERB,0,root,root,,,,,,,
35674,por por el momento pues no voy a quedarme sin hacer nada porque esta semana que viene grabamos así que voy a estar trabajando aunque tengo spring break pues no no voy a clase gracias a Dios .,38,10,sin,spa,sin,10,,ADP,11,hacer,mark,,,,,,,
35674,por por el momento pues no voy a quedarme sin hacer nada porque esta semana que viene grabamos así que voy a estar trabajando aunque tengo spring break pues no no voy a clase gracias a Dios .,38,11,hacer,spa,hacer,11,,VERB,9,quedarme,xcomp,,,,,,,
35674,por por el momento pues no voy a quedarme sin hacer nada porque esta semana que viene grabamos así que voy a estar trabajando aunque tengo spring break pues no no voy a clase gracias a Dios .,38,12,nada,spa,nada,12,,PRON,11,hacer,obj,,,,,,,
35674,por por el momento pues no voy a quedarme sin hacer nada porque esta semana que viene grabamos así que voy a estar trabajando aunque tengo spring break pues no no voy a clase gracias a Dios .,38,13,porque,spa,porque,13,,SCONJ,18,grabamos,mark,,,,,,,
35674,por por el momento pues no voy a quedarme sin hacer nada porque esta semana que viene grabamos así que voy a estar trabajando aunque tengo spring break pues no no voy a clase gracias a Dios .,38,14,esta,spa,esta,14,,DET,15,semana,det,,,,,,,
35674,por por el momento pues no voy a quedarme sin hacer nada porque esta semana que viene grabamos así que voy a estar trabajando aunque tengo spring break pues no no voy a clase gracias a Dios .,38,15,semana,spa,semana,15,,NOUN,18,grabamos,obl,,,,,,,
35674,por por el momento pues no voy a quedarme sin hacer nada porque esta semana que viene grabamos así que voy a estar trabajando aunque tengo spring break pues no no voy a clase gracias a Dios .,38,16,que,spa,que,16,,SCONJ,15,semana,mark,,,,,,,
35674,por por el momento pues no voy a quedarme sin hacer nada porque esta semana que viene grabamos así que voy a estar trabajando aunque tengo spring break pues no no voy a clase gracias a Dios .,38,17,viene,spa,viene,17,,VERB,15,semana,acl,,,,,,,
35674,por por el momento pues no voy a quedarme sin hacer nada porque esta semana que viene grabamos así que voy a estar trabajando aunque tengo spring break pues no no voy a clase gracias a Dios .,38,18,grabamos,spa,grabamos,18,,VERB,9,quedarme,advcl,,,,,,,
35674,por por el momento pues no voy a quedarme sin hacer nada porque esta semana que viene grabamos así que voy a estar trabajando aunque tengo spring break pues no no voy a clase gracias a Dios .,38,19,así,spa,así,19,,ADV,24,trabajando,discourse,,,,,,,
35674,por por el momento pues no voy a quedarme sin hacer nada porque esta semana que viene grabamos así que voy a estar trabajando aunque tengo spring break pues no no voy a clase gracias a Dios .,38,20,que,spa,que,20,,SCONJ,24,trabajando,mark,,,,,,,
35674,por por el momento pues no voy a quedarme sin hacer nada porque esta semana que viene grabamos así que voy a estar trabajando aunque tengo spring break pues no no voy a clase gracias a Dios .,38,21,voy,spa,voy,21,,AUX,24,trabajando,aux,,,,,,,
35674,por por el momento pues no voy a quedarme sin hacer nada porque esta semana que viene grabamos así que voy a estar trabajando aunque tengo spring break pues no no voy a clase gracias a Dios .,38,22,a,spa,a,22,,ADP,23,estar,mark,,,,,,,
35674,por por el momento pues no voy a quedarme sin hacer nada porque esta semana que viene grabamos así que voy a estar trabajando aunque tengo spring break pues no no voy a clase gracias a Dios .,38,23,estar,spa,estar,23,,AUX,24,trabajando,aux,,,,,,,
35674,por por el momento pues no voy a quedarme sin hacer nada porque esta semana que viene grabamos así que voy a estar trabajando aunque tengo spring break pues no no voy a clase gracias a Dios .,38,24,trabajando,spa,trabajando,24,,VERB,9,quedarme,parataxis,,,,,,,
35674,por por el momento pues no voy a quedarme sin hacer nada porque esta semana que viene grabamos así que voy a estar trabajando aunque tengo spring break pues no no voy a clase gracias a Dios .,38,25,aunque,spa,aunque,25,,SCONJ,26,tengo,mark,,,,,,,
35674,por por el momento pues no voy a quedarme sin hacer nada porque esta semana que viene grabamos así que voy a estar trabajando aunque tengo spring break pues no no voy a clase gracias a Dios .,38,26,tengo,spa,tengo,26,,VERB,24,trabajando,advcl,,,,,,,
35674,por por el momento pues no voy a quedarme sin hacer nada porque esta semana que viene grabamos así que voy a estar trabajando aunque tengo spring break pues no no voy a clase gracias a Dios .,38,27,spring,eng,spring,27,,NOUN,28,break,compound,,,,,,,
35674,por por el momento pues no voy a quedarme sin hacer nada porque esta semana que viene grabamos así que voy a estar trabajando aunque tengo spring break pues no no voy a clase gracias a Dios .,38,28,break,eng,break,28,,NOUN,26,tengo,obj,,,,,,,
35674,por por el momento pues no voy a quedarme sin hacer nada porque esta semana que viene grabamos así que voy a estar trabajando aunque tengo spring break pues no no voy a clase gracias a Dios .,38,29,pues,spa,pues,29,,ADV,32,voy,discourse,,,,,,,
35674,por por el momento pues no voy a quedarme sin hacer nada porque esta semana que viene grabamos así que voy a estar trabajando aunque tengo spring break pues no no voy a clase gracias a Dios .,38,30,no,spa,no,30,,ADV,32,voy,advmod,,,,,,,
35674,por por el momento pues no voy a quedarme sin hacer nada porque esta semana que viene grabamos así que voy a estar trabajando aunque tengo spring break pues no no voy a clase gracias a Dios .,38,31,no,spa,no,31,,ADV,32,voy,rep,,,,,,,
35674,por por el momento pues no voy a quedarme sin hacer nada porque esta semana que viene grabamos así que voy a estar trabajando aunque tengo spring break pues no no voy a clase gracias a Dios .,38,32,voy,spa,voy,32,,VERB,32,voy,parataxis,,,,,,,
35674,por por el momento pues no voy a quedarme sin hacer nada porque esta semana que viene grabamos así que voy a estar trabajando aunque tengo spring break pues no no voy a clase gracias a Dios .,38,33,a,spa,a,33,,ADP,32,voy,case,,,,,,,
35674,por por el momento pues no voy a quedarme sin hacer nada porque esta semana que viene grabamos así que voy a estar trabajando aunque tengo spring break pues no no voy a clase gracias a Dios .,38,34,clase,spa,clase,34,,NOUN,32,voy,obl,,,,,,,
35674,por por el momento pues no voy a quedarme sin hacer nada porque esta semana que viene grabamos así que voy a estar trabajando aunque tengo spring break pues no no voy a clase gracias a Dios .,38,35,gracias,spa,gracias,35,,,,nan,,,,,,,,
35674,por por el momento pues no voy a quedarme sin hacer nada porque esta semana que viene grabamos así que voy a estar trabajando aunque tengo spring break pues no no voy a clase gracias a Dios .,38,36,a,spa,a,36,,,,nan,,,,,,,,
35674,por por el momento pues no voy a quedarme sin hacer nada porque esta semana que viene grabamos así que voy a estar trabajando aunque tengo spring break pues no no voy a clase gracias a Dios .,38,37,Dios,spa,Dios,37,,,,nan,,,,,,,,
35674,por por el momento pues no voy a quedarme sin hacer nada porque esta semana que viene grabamos así que voy a estar trabajando aunque tengo spring break pues no no voy a clase gracias a Dios .,38,,,,gracias_a_Dios,35.1,,ADV,32,voy,discourse,,,,,,,
35674,por por el momento pues no voy a quedarme sin hacer nada porque esta semana que viene grabamos así que voy a estar trabajando aunque tengo spring break pues no no voy a clase gracias a Dios .,38,38,.,0,.,38,,PUNCT,9,quedarme,punct,,,,,,,
35778,ah huevo es cierto pero igual el el el en discoteca el A_T_M está está en los baños está por los baños loco está dentro .,26,1,ah,spa,ah,1,,INTJ,14,está,discourse,"discourse, repitition, compound, slangs/curse",,,,,,
35778,ah huevo es cierto pero igual el el el en discoteca el A_T_M está está en los baños está por los baños loco está dentro .,26,2,huevo,spa,huevo,2,,INTJ,14,está,discourse,"discourse, repitition, compound, slangs/curse",,,,,,
35778,ah huevo es cierto pero igual el el el en discoteca el A_T_M está está en los baños está por los baños loco está dentro .,26,3,es,spa,es,3,,AUX,4,cierto,aux,"discourse, repitition, compound, slangs/curse",,,,,,
35778,ah huevo es cierto pero igual el el el en discoteca el A_T_M está está en los baños está por los baños loco está dentro .,26,4,cierto,spa,cierto,4,,ADJ,14,está,parataxis,"discourse, repitition, compound, slangs/curse",,,,,,
35778,ah huevo es cierto pero igual el el el en discoteca el A_T_M está está en los baños está por los baños loco está dentro .,26,5,pero,spa,pero,5,,CCONJ,6,igual,discourse,"discourse, repitition, compound, slangs/curse",,,,,,
35778,ah huevo es cierto pero igual el el el en discoteca el A_T_M está está en los baños está por los baños loco está dentro .,26,6,igual,spa,igual,6,,ADV,14,está,discourse,"discourse, repitition, compound, slangs/curse",,,,,,
35778,ah huevo es cierto pero igual el el el en discoteca el A_T_M está está en los baños está por los baños loco está dentro .,26,7,el,spa,el,7,,DET,13,A_T_M,rep,"discourse, repitition, compound, slangs/curse",,,,,,
35778,ah huevo es cierto pero igual el el el en discoteca el A_T_M está está en los baños está por los baños loco está dentro .,26,8,el,spa,el,8,,DET,13,A_T_M,rep,"discourse, repitition, compound, slangs/curse",,,,,,
35778,ah huevo es cierto pero igual el el el en discoteca el A_T_M está está en los baños está por los baños loco está dentro .,26,9,el,spa,el,9,,DET,13,A_T_M,rep,"discourse, repitition, compound, slangs/curse",,,,,,
35778,ah huevo es cierto pero igual el el el en discoteca el A_T_M está está en los baños está por los baños loco está dentro .,26,10,en,spa,en,10,,ADP,11,discoteca,case,"discourse, repitition, compound, slangs/curse",,,,,,
35778,ah huevo es cierto pero igual el el el en discoteca el A_T_M está está en los baños está por los baños loco está dentro .,26,11,discoteca,spa,discoteca,11,,NOUN,13,A_T_M,nmod,"discourse, repitition, compound, slangs/curse",,,,,,
35778,ah huevo es cierto pero igual el el el en discoteca el A_T_M está está en los baños está por los baños loco está dentro .,26,12,el,spa,el,12,,DET,13,A_T_M,det,"discourse, repitition, compound, slangs/curse",,,,,,
35778,ah huevo es cierto pero igual el el el en discoteca el A_T_M está está en los baños está por los baños loco está dentro .,26,13,A_T_M,eng,A_T_M,13,,NOUN,14,está,nsubj,"discourse, repitition, compound, slangs/curse",,,,,,
35778,ah huevo es cierto pero igual el el el en discoteca el A_T_M está está en los baños está por los baños loco está dentro .,26,14,está,spa,está,14,,VERB,0,root,root,"discourse, repitition, compound, slangs/curse",,,,,,
35778,ah huevo es cierto pero igual el el el en discoteca el A_T_M está está en los baños está por los baños loco está dentro .,26,15,está,spa,está,15,,VERB,14,está,rep,"discourse, repitition, compound, slangs/curse",,,,,,
35778,ah huevo es cierto pero igual el el el en discoteca el A_T_M está está en los baños está por los baños loco está dentro .,26,16,en,spa,en,16,,ADP,18,baños,case,"discourse, repitition, compound, slangs/curse",,,,,,
35778,ah huevo es cierto pero igual el el el en discoteca el A_T_M está está en los baños está por los baños loco está dentro .,26,17,los,spa,los,17,,DET,18,baños,det,"discourse, repitition, compound, slangs/curse",,,,,,
35778,ah huevo es cierto pero igual el el el en discoteca el A_T_M está está en los baños está por los baños loco está dentro .,26,18,baños,spa,baños,18,,NOUN,14,está,obl,"discourse, repitition, compound, slangs/curse",,,,,,
35778,ah huevo es cierto pero igual el el el en discoteca el A_T_M está está en los baños está por los baños loco está dentro .,26,19,está,spa,está,19,,VERB,14,está,rep,"discourse, repitition, compound, slangs/curse",,,,,,
35778,ah huevo es cierto pero igual el el el en discoteca el A_T_M está está en los baños está por los baños loco está dentro .,26,20,por,spa,por,20,,ADP,22,baños,rep,"discourse, repitition, compound, slangs/curse",,,,,,
35778,ah huevo es cierto pero igual el el el en discoteca el A_T_M está está en los baños está por los baños loco está dentro .,26,21,los,spa,los,21,,DET,22,baños,rep,"discourse, repitition, compound, slangs/curse",,,,,,
35778,ah huevo es cierto pero igual el el el en discoteca el A_T_M está está en los baños está por los baños loco está dentro .,26,22,baños,spa,baños,22,,NOUN,19,está,rep,"discourse, repitition, compound, slangs/curse",,,,,,
35778,ah huevo es cierto pero igual el el el en discoteca el A_T_M está está en los baños está por los baños loco está dentro .,26,23,loco,spa,loco,23,,INTJ,14,está,discourse,"discourse, repitition, compound, slangs/curse",,,,,,
35778,ah huevo es cierto pero igual el el el en discoteca el A_T_M está está en los baños está por los baños loco está dentro .,26,24,está,spa,está,24,,VERB,14,está,parataxis,"discourse, repitition, compound, slangs/curse",,,,,,
35778,ah huevo es cierto pero igual el el el en discoteca el A_T_M está está en los baños está por los baños loco está dentro .,26,25,dentro,spa,dentro,25,,ADV,24,está,advmod,"discourse, repitition, compound, slangs/curse",,,,,,
35778,ah huevo es cierto pero igual el el el en discoteca el A_T_M está está en los baños está por los baños loco está dentro .,26,26,.,0,.,26,,PUNCT,14,está,punct,"discourse, repitition, compound, slangs/curse",,,,,,
44564,my eyes just water and stuff I don't know why but um we went and bro I got insolado like so bad really really bad like my eyes got so swollen .,32,1,my,eng,my,1,,DET,2,eyes,det,"complex, break of thought",,,,,,
44564,my eyes just water and stuff I don't know why but um we went and bro I got insolado like so bad really really bad like my eyes got so swollen .,32,2,eyes,eng,eyes,2,,NOUN,4,water,nsubj,"complex, break of thought",,,,,,
44564,my eyes just water and stuff I don't know why but um we went and bro I got insolado like so bad really really bad like my eyes got so swollen .,32,3,just,eng,just,3,,ADV,4,water,advmod,"complex, break of thought",,,,,,
44564,my eyes just water and stuff I don't know why but um we went and bro I got insolado like so bad really really bad like my eyes got so swollen .,32,4,water,eng,water,4,,VERB,20,insolado,parataxis,"complex, break of thought",,,,,,
44564,my eyes just water and stuff I don't know why but um we went and bro I got insolado like so bad really really bad like my eyes got so swollen .,32,5,and,eng,and,5,,CCONJ,6,stuff,cc,"complex, break of thought",,,,,,
44564,my eyes just water and stuff I don't know why but um we went and bro I got insolado like so bad really really bad like my eyes got so swollen .,32,6,stuff,eng,stuff,6,,NOUN,4,water,conj,"complex, break of thought",,,,,,
44564,my eyes just water and stuff I don't know why but um we went and bro I got insolado like so bad really really bad like my eyes got so swollen .,32,7,I,eng,I,7,,PRON,10,know,nsubj,"complex, break of thought",,,,,,
44564,my eyes just water and stuff I don't know why but um we went and bro I got insolado like so bad really really bad like my eyes got so swollen .,32,8,don't,eng,do,8,,AUX,10,know,aux,"complex, break of thought",,,,,,
44564,my eyes just water and stuff I don't know why but um we went and bro I got insolado like so bad really really bad like my eyes got so swollen .,32,,,,n't,9,,ADV,10,know,advmod,"complex, break of thought",,,,,,
44564,my eyes just water and stuff I don't know why but um we went and bro I got insolado like so bad really really bad like my eyes got so swollen .,32,9,know,eng,know,10,,VERB,20,insolado,parataxis,"complex, break of thought",,,,,,
44564,my eyes just water and stuff I don't know why but um we went and bro I got insolado like so bad really really bad like my eyes got so swollen .,32,10,why,eng,why,11,,ADV,20,insolado,obj,"complex, break of thought",,,,,,
44564,my eyes just water and stuff I don't know why but um we went and bro I got insolado like so bad really really bad like my eyes got so swollen .,32,11,but,eng,but,12,,CCONJ,20,insolado,mark,"complex, break of thought",,,,,,
44564,my eyes just water and stuff I don't know why but um we went and bro I got insolado like so bad really really bad like my eyes got so swollen .,32,12,um,eng,um,13,,INTJ,20,insolado,discourse,"complex, break of thought",,,,,,
44564,my eyes just water and stuff I don't know why but um we went and bro I got insolado like so bad really really bad like my eyes got so swollen .,32,13,we,eng,we,14,,PRON,15,went,nsubj,"complex, break of thought",,,,,,
44564,my eyes just water and stuff I don't know why but um we went and bro I got insolado like so bad really really bad like my eyes got so swollen .,32,14,went,eng,went,15,,VERB,20,insolado,parataxis,"complex, break of thought",,,,,,
44564,my eyes just water and stuff I don't know why but um we went and bro I got insolado like so bad really really bad like my eyes got so swollen .,32,15,and,eng,and,16,,CCONJ,20,insolado,cc,"complex, break of thought",,,,,,
44564,my eyes just water and stuff I don't know why but um we went and bro I got insolado like so bad really really bad like my eyes got so swollen .,32,16,bro,eng,bro,17,,INTJ,20,insolado,discourse,"complex, break of thought",,,,,,
44564,my eyes just water and stuff I don't know why but um we went and bro I got insolado like so bad really really bad like my eyes got so swollen .,32,17,I,eng,I,18,,PRON,20,insolado,nsubj,"complex, break of thought",,,,,,
44564,my eyes just water and stuff I don't know why but um we went and bro I got insolado like so bad really really bad like my eyes got so swollen .,32,18,got,eng,got,19,,AUX,20,insolado,aux,"complex, break of thought",,,,,,
44564,my eyes just water and stuff I don't know why but um we went and bro I got insolado like so bad really really bad like my eyes got so swollen .,32,19,insolado,spa,insolado,20,,ADJ,0,root,root,"complex, break of thought",,,,,,
44564,my eyes just water and stuff I don't know why but um we went and bro I got insolado like so bad really really bad like my eyes got so swollen .,32,20,like,eng,like,21,,ADV,23,bad,discourse,"complex, break of thought",,,,,,
44564,my eyes just water and stuff I don't know why but um we went and bro I got insolado like so bad really really bad like my eyes got so swollen .,32,21,so,eng,so,22,,ADV,23,bad,advmod,"complex, break of thought",,,,,,
44564,my eyes just water and stuff I don't know why but um we went and bro I got insolado like so bad really really bad like my eyes got so swollen .,32,22,bad,eng,bad,23,,ADJ,20,insolado,advmod,"complex, break of thought",,,,,,
44564,my eyes just water and stuff I don't know why but um we went and bro I got insolado like so bad really really bad like my eyes got so swollen .,32,23,really,eng,really,24,,ADV,26,bad,advmod,"complex, break of thought",,,,,,
44564,my eyes just water and stuff I don't know why but um we went and bro I got insolado like so bad really really bad like my eyes got so swollen .,32,24,really,eng,really,25,,ADV,26,bad,rep,"complex, break of thought",,,,,,
44564,my eyes just water and stuff I don't know why but um we went and bro I got insolado like so bad really really bad like my eyes got so swollen .,32,25,bad,eng,bad,26,,ADJ,20,insolado,rep,"complex, break of thought",,,,,,
44564,my eyes just water and stuff I don't know why but um we went and bro I got insolado like so bad really really bad like my eyes got so swollen .,32,26,like,eng,like,27,,ADV,20,insolado,discourse,"complex, break of thought",,,,,,
44564,my eyes just water and stuff I don't know why but um we went and bro I got insolado like so bad really really bad like my eyes got so swollen .,32,27,my,eng,my,28,,DET,29,eyes,det,"complex, break of thought",,,,,,
44564,my eyes just water and stuff I don't know why but um we went and bro I got insolado like so bad really really bad like my eyes got so swollen .,32,28,eyes,eng,eyes,29,,NOUN,32,swollen,nsubj,"complex, break of thought",,,,,,
44564,my eyes just water and stuff I don't know why but um we went and bro I got insolado like so bad really really bad like my eyes got so swollen .,32,29,got,eng,got,30,,AUX,32,swollen,aux,"complex, break of thought",,,,,,
44564,my eyes just water and stuff I don't know why but um we went and bro I got insolado like so bad really really bad like my eyes got so swollen .,32,30,so,eng,so,31,,ADV,32,swollen,advmod,"complex, break of thought",,,,,,
44564,my eyes just water and stuff I don't know why but um we went and bro I got insolado like so bad really really bad like my eyes got so swollen .,32,31,swollen,eng,swollen,32,,ADJ,20,insolado,parataxis,"complex, break of thought",,,,,,
44564,my eyes just water and stuff I don't know why but um we went and bro I got insolado like so bad really really bad like my eyes got so swollen .,32,32,.,0,.,33,,PUNCT,20,insolado,punct,"complex, break of thought",,,,,,
45486,en vez de hacer concrete esto con un piso de marble se vería super cool .,16,1,en,spa,en,1,,ADP,,nan,,,,,,,,
45486,en vez de hacer concrete esto con un piso de marble se vería super cool .,16,2,vez,spa,vez,2,,NOUN,13,vería,advmod,,,,,,,
45486,en vez de hacer concrete esto con un piso de marble se vería super cool .,16,3,de,spa,de,3,,ADP,4,hacer,mark,,,,,,,
45486,en vez de hacer concrete esto con un piso de marble se vería super cool .,16,4,hacer,spa,hacer,4,,VERB,2,vez,xcomp,,,,,,,
45486,en vez de hacer concrete esto con un piso de marble se vería super cool .,16,5,concrete,eng,concrete,5,,NOUN,6,esto,nmod,,,,,,,
45486,en vez de hacer concrete esto con un piso de marble se vería super cool .,16,6,esto,spa,esto,6,,PRON,4,hacer,obj,,,,,,,
45486,en vez de hacer concrete esto con un piso de marble se vería super cool .,16,7,con,spa,con,7,,ADP,9,piso,case,,,,,,,
45486,en vez de hacer concrete esto con un piso de marble se vería super cool .,16,8,un,spa,un,8,,DET,9,piso,det,,,,,,,
45486,en vez de hacer concrete esto con un piso de marble se vería super cool .,16,9,piso,spa,piso,9,,NOUN,13,vería,obj,,,,,,,
45486,en vez de hacer concrete esto con un piso de marble se vería super cool .,16,10,de,spa,de,10,,ADP,11,marble,case,,,,,,,
45486,en vez de hacer concrete esto con un piso de marble se vería super cool .,16,11,marble,eng,marble,11,,NOUN,9,piso,nmod,,,,,,,
45486,en vez de hacer concrete esto con un piso de marble se vería super cool .,16,12,se,spa,se,12,,PRON,13,vería,expl,,,,,,,
45486,en vez de hacer concrete esto con un piso de marble se vería super cool .,16,13,vería,spa,vería,13,,VERB,0,root,root,,,,,,,
45486,en vez de hacer concrete esto con un piso de marble se vería super cool .,16,14,super,eng&spa,super,14,,ADV,15,cool,advmod,,,,,,,
45486,en vez de hacer concrete esto con un piso de marble se vería super cool .,16,15,cool,eng,cool,15,,ADJ,13,vería,xcomp,,,,,,,
45486,en vez de hacer concrete esto con un piso de marble se vería super cool .,16,16,.,0,.,16,,PUNCT,13,vería,punct,,,,,,,
337,el blog es para ellos escribir cosas en términos más .,11,1,el,spa,el,1,,DET,2,blog,det,none,,,,,,
337,el blog es para ellos escribir cosas en términos más .,11,2,blog,eng,blog,2,,NOUN,3,es ,nsubj,none,,,,,,
337,el blog es para ellos escribir cosas en términos más .,11,3,es,spa,es ,3,,AUX,0,root,root,none,,,,,,
337,el blog es para ellos escribir cosas en términos más .,11,4,para,spa,para,4,,ADP,6,escribir,mark,none,,,,,,
337,el blog es para ellos escribir cosas en términos más .,11,5,ellos,spa,ellos,5,,PRON,6,escribir,iobj,none,,,,,,
337,el blog es para ellos escribir cosas en términos más .,11,6,escribir,spa,escribir,6,,VERB,3,es ,attr,none,,,,,,
337,el blog es para ellos escribir cosas en términos más .,11,7,cosas,spa,cosas,7,,NOUN,6,escribir,obj,none,,,,,,
337,el blog es para ellos escribir cosas en términos más .,11,8,en,spa,en ,8,,ADP,9,términos,case,none,,,,,,
337,el blog es para ellos escribir cosas en términos más .,11,9,términos,spa,términos,9,,NOUN,6,escribir,obl,none,,,,,,
337,el blog es para ellos escribir cosas en términos más .,11,10,más,spa,más,10,,ADV,3,es ,dep,none,,,,,,
337,el blog es para ellos escribir cosas en términos más .,11,11,.,0,.,11,,PUNCT,3,es ,punct,none,,,,,,
1340,esta semana que está caminando es el spring_break de ella ?,11,1,esta,spa,esta,1,,DET,2,semana,det,none,,,,,,
1340,esta semana que está caminando es el spring_break de ella ?,11,2,semana,spa,semana,2,,NOUN,,nan,nsubj,none,,,,,,
1340,esta semana que está caminando es el spring_break de ella ?,11,3,que,spa,que,3,,SCONJ,6,es,mark,none,,,,,,
1340,esta semana que está caminando es el spring_break de ella ?,11,4,está,spa,está,4,,AUX,5,caminando,cop,none,,,,,,
1340,esta semana que está caminando es el spring_break de ella ?,11,5,caminando,spa,caminando,5,,VERB,6,es,ccomp,none,,,,,,
1340,esta semana que está caminando es el spring_break de ella ?,11,6,es,spa,es,6,,AUX,0,root,root,none,,,,,,
1340,esta semana que está caminando es el spring_break de ella ?,11,7,el,spa,el,7,,DET,8,spring_break,det,none,,,,,,
1340,esta semana que está caminando es el spring_break de ella ?,11,8,spring_break,eng,spring_break,8,,NOUN,5,caminando,attr,none,,,,,,
1340,esta semana que está caminando es el spring_break de ella ?,11,9,de,spa,de ,9,,ADP,8,spring_break,case,none,,,,,,
1340,esta semana que está caminando es el spring_break de ella ?,11,10,ella,spa,ella,10,,PRON,8,spring_break,nmod,none,,,,,,
1340,esta semana que está caminando es el spring_break de ella ?,11,11,?,0,?,11,,PUNCT,5,caminando,punct,none,,,,,,
2009,pero bueno they can stand on their own .,9,1,pero,spa,pero,1,,CCONJ,5,stand,discourse,none,,,,,,
2009,pero bueno they can stand on their own .,9,2,bueno,spa,bueno,2,,ADV,5,stand,discouse,none,,,,,,
2009,pero bueno they can stand on their own .,9,3,they,eng,they,3,,PRON,4,can,nsubj,none,,,,,,
2009,pero bueno they can stand on their own .,9,4,can,eng,can,4,,AUX,5,stand,aux,none,,,,,,
2009,pero bueno they can stand on their own .,9,5,stand,eng,stand,5,,VERB,0,root,root,none,,,,,,
2009,pero bueno they can stand on their own .,9,6,on,eng,on,6,,ADP,8,own ,case,none,,,,,,
2009,pero bueno they can stand on their own .,9,7,their,eng,their,7,,DET,8,own ,det,none,,,,,,
2009,pero bueno they can stand on their own .,9,8,own,eng,own ,8,,PRON,5,stand,obl,none,,,,,,
2009,pero bueno they can stand on their own .,9,9,.,0,.,9,,PUNCT,5,stand,punct,none,,,,,,
4002,la verdad es que siempre hay el mismo delay .,10,1,la,spa,la,1,,DET,2,verdad,det,none,,,,,,
4002,la verdad es que siempre hay el mismo delay .,10,2,verdad,spa,verdad,2,,NOUN,3,es,nsubj,none,,,,,,
4002,la verdad es que siempre hay el mismo delay .,10,3,es,spa,es,3,,AUX,0,root,root,none,,,,,,
4002,la verdad es que siempre hay el mismo delay .,10,4,que,spa,que,4,,SCONJ,6,hay,mark,none,,,,,,
4002,la verdad es que siempre hay el mismo delay .,10,5,siempre,spa,siempre,5,,ADV,6,hay,advmod,none,,,,,,
4002,la verdad es que siempre hay el mismo delay .,10,6,hay,spa,hay,6,,VERB,3,es,ccomp,none,,,,,,
4002,la verdad es que siempre hay el mismo delay .,10,7,el,spa,el,7,,DET,9,delay ,det,none,,,,,,
4002,la verdad es que siempre hay el mismo delay .,10,8,mismo,spa,mismo,8,,ADJ,9,delay ,amod,none,,,,,,
4002,la verdad es que siempre hay el mismo delay .,10,9,delay,eng,delay ,9,,NOUN,6,hay,obj ,none,,,,,,
4002,la verdad es que siempre hay el mismo delay .,10,10,.,0,.,10,,PUNCT,3,es,punct,none,,,,,,
5282,que a María la estaban recording también .,8,1,que,spa,que,,,SCONJ,6,root or nan,mark,none,,,,,,
5282,que a María la estaban recording también .,8,2,a,spa,a,,,ADP,3,root or nan,case,none,,,,,,
5282,que a María la estaban recording también .,8,3,María,spa,María,,,PROPN,6,root or nan,obl,none,,,,,,
5282,que a María la estaban recording también .,8,4,la,spa,la,,,PRON,6,root or nan,expl,none,,,,,,
5282,que a María la estaban recording también .,8,5,estaban,spa,estaban,,,AUX,6,root or nan,aux,none,,,,,,
5282,que a María la estaban recording también .,8,6,recording,eng,recording,,,VERB,0,root,root,none,,,,,,
5282,que a María la estaban recording también .,8,7,también,spa,también,,,ADV,6,root or nan,advmod,none,,,,,,
5282,que a María la estaban recording también .,8,8,.,0,.,,,PUNCT,6,root or nan,punct,none,,,,,,
8740,y customer service a la gente que le toca trabajar en customer service eso es el terror .,18,1,y,spa,y,,,CCONJ,,nan,cc,none,,,,,,
8740,y customer service a la gente que le toca trabajar en customer service eso es el terror .,18,2,customer,eng,customer,,,,,nan,,none,,,,,,
8740,y customer service a la gente que le toca trabajar en customer service eso es el terror .,18,3,service,eng,service,,,,,nan,,none,,,,,,
8740,y customer service a la gente que le toca trabajar en customer service eso es el terror .,18,2.1,customer_service,eng,,,,PROPN,9,root or nan,nsubj,none,,,,,,
8740,y customer service a la gente que le toca trabajar en customer service eso es el terror .,18,4,a,spa,a,,,ADP,6,root or nan,case,none,,,,,,
8740,y customer service a la gente que le toca trabajar en customer service eso es el terror .,18,5,la,spa,la,,,DET,6,root or nan,det,none,,,,,,
8740,y customer service a la gente que le toca trabajar en customer service eso es el terror .,18,6,gente,spa,gente,,,NOUN,9,root or nan,obl,none,,,,,,
8740,y customer service a la gente que le toca trabajar en customer service eso es el terror .,18,7,que,spa,que,,,SCONJ,9,root or nan,mark,none,,,,,,
8740,y customer service a la gente que le toca trabajar en customer service eso es el terror .,18,8,le,spa,le,,,PRON,9,root or nan,iobj,none,,,,,,
8740,y customer service a la gente que le toca trabajar en customer service eso es el terror .,18,9,toca,spa,toca,,,VERB,0,root,root,none,,,,,,
8740,y customer service a la gente que le toca trabajar en customer service eso es el terror .,18,10,trabajar,spa,trabajar,,,VERB,9,root or nan,ccomp,none,,,,,,
8740,y customer service a la gente que le toca trabajar en customer service eso es el terror .,18,11,en,spa,en,,,ADP,12.1,root or nan,case,none,,,,,,
8740,y customer service a la gente que le toca trabajar en customer service eso es el terror .,18,12,customer,eng,customer,,,,,nan,,none,,,,,,
8740,y customer service a la gente que le toca trabajar en customer service eso es el terror .,18,13,service,eng,service,,,,,nan,,none,,,,,,
8740,y customer service a la gente que le toca trabajar en customer service eso es el terror .,,12.1,,,customer_service,,,NOUN,10,root or nan,obl,none,,,,,,
8740,y customer service a la gente que le toca trabajar en customer service eso es el terror .,18,14,eso,spa,eso,,,PRON,15,root or nan,nsubj,none,,,,,,
8740,y customer service a la gente que le toca trabajar en customer service eso es el terror .,18,15,es,spa,es,,,AUX,17,root or nan,cop,none,,,,,,
8740,y customer service a la gente que le toca trabajar en customer service eso es el terror .,18,16,el,spa,el,,,DET,17,root or nan,det,none,,,,,,
8740,y customer service a la gente que le toca trabajar en customer service eso es el terror .,18,17,terror,spa,terror,,,NOUN,9,root or nan,conj,none,,,,,,
8740,y customer service a la gente que le toca trabajar en customer service eso es el terror .,18,18,.,0,.,,,PUNCT,9,root or nan,punct,none,,,,,,
11941,are you gonna find something en el carrito ?,9,1,are,eng,are,,,AUX,4,root or nan,aux,none,,,,,,
11941,are you gonna find something en el carrito ?,9,2,you,eng,you,,,PRON,1,root or nan,nsubj,none,,,,,,
11941,are you gonna find something en el carrito ?,9,3,gonna,eng,gonna,,,AUX,4,root or nan,aux,none,,,,,,
11941,are you gonna find something en el carrito ?,9,4,find,eng,find,,,VERB,4,root or nan,root,none,,,,,,
11941,are you gonna find something en el carrito ?,9,5,something,eng,something,,,PRON,4,root or nan,obj,none,,,,,,
11941,are you gonna find something en el carrito ?,9,6,en,spa,en,,,ADP,8,root or nan,case,none,,,,,,
11941,are you gonna find something en el carrito ?,9,7,el,spa,el,,,DET,8,root or nan,det,none,,,,,,
11941,are you gonna find something en el carrito ?,9,8,carrito,spa,carrito,,,NOUN,4,root or nan,obl,none,,,,,,
11941,are you gonna find something en el carrito ?,9,9,?,0,?,,,PUNCT,,nan,punct,none,,,,,,
12521,y hoy le tocó madrugar e irse hasta allá a ese lugar .,13,1,y,spa,y,1,,CCONJ,4,tocó,cc,none,,,,,,
12521,y hoy le tocó madrugar e irse hasta allá a ese lugar .,13,2,hoy,spa,hoy,2,,ADV,4,tocó,advmod,none,,,,,,
12521,y hoy le tocó madrugar e irse hasta allá a ese lugar .,13,3,le,spa,le,3,,PRON,4,tocó,iobj,none,,,,,,
12521,y hoy le tocó madrugar e irse hasta allá a ese lugar .,13,4,tocó,spa,tocó,4,,VERB,0,root,root,none,,,,,,
12521,y hoy le tocó madrugar e irse hasta allá a ese lugar .,13,5,madrugar,eng,madrugar,5,,VERB,4,tocó,xcomp,none,,,,,,
12521,y hoy le tocó madrugar e irse hasta allá a ese lugar .,13,6,e,spa,e,6,,CCONJ,4,tocó,cc,none,,,,,,
12521,y hoy le tocó madrugar e irse hasta allá a ese lugar .,13,7,irse,eng,irse,7,,VERB,4,tocó,xcomp,none,,,,,,
12521,y hoy le tocó madrugar e irse hasta allá a ese lugar .,13,8,hasta,spa,hasta,8,,ADP,9,allá,case,none,,,,,,
12521,y hoy le tocó madrugar e irse hasta allá a ese lugar .,13,9,allá,spa,allá,9,,ADV,7,irse,advmod,none,,,,,,
12521,y hoy le tocó madrugar e irse hasta allá a ese lugar .,13,10,a,spa,a,10,,ADP,12,lugar,case,none,,,,,,
12521,y hoy le tocó madrugar e irse hasta allá a ese lugar .,13,11,ese,spa,ese,11,,DET,12,lugar,det,none,,,,,,
12521,y hoy le tocó madrugar e irse hasta allá a ese lugar .,13,12,lugar,spa,lugar,12,,NOUN,9,allá,obl,none,,,,,,
12521,y hoy le tocó madrugar e irse hasta allá a ese lugar .,13,13,.,0,.,13,,PUNCT,4,tocó,punct,none,,,,,,
17808,con hardware que no está bien hecho .,8,1,con,spa,con,1,,ADP,2,hardware,case,none,,,,,,
17808,con hardware que no está bien hecho .,8,2,hardware,eng,hardware,2,,NOUN,3,que,abl,none,,,,,,
17808,con hardware que no está bien hecho .,8,3,que,spa,que,3,,SCONJ,5,está,mark,none,,,,,,
17808,con hardware que no está bien hecho .,8,4,no,spa,no,4,,ADV,5,está,advmod,none,,,,,,
17808,con hardware que no está bien hecho .,8,5,está,spa,está,5,,AUX,7,hecho,cop,none,,,,,,
17808,con hardware que no está bien hecho .,8,6,bien,spa,bien,6,,ADV,7,hecho,advmod,none,,,,,,
17808,con hardware que no está bien hecho .,8,7,hecho,spa,hecho,7,,ADJ,0,root,root,none,,,,,,
17808,con hardware que no está bien hecho .,8,8,.,0,.,8,,PUNCT,7,hecho,punct,none,,,,,,
25408,because yo se lo he explicado veinte mil veces a él .,12,1,because,eng,because,1,,SCONJ,6,explicado,mark ,none,,,,,,
25408,because yo se lo he explicado veinte mil veces a él .,12,2,yo,spa,yo,2,,PRON,6,explicado,nsubj,none,,,,,,
25408,because yo se lo he explicado veinte mil veces a él .,12,3,se,spa,se,3,,PRON,6,explicado,expl,none,,,,,,
25408,because yo se lo he explicado veinte mil veces a él .,12,4,lo,spa,lo,4,,PRON,6,explicado,obj,none,,,,,,
25408,because yo se lo he explicado veinte mil veces a él .,12,5,he,spa,he,5,,AUX,6,explicado,aux,none,,,,,,
25408,because yo se lo he explicado veinte mil veces a él .,12,6,explicado,spa,explicado,6,,VERB,0,root,root,none,,,,,,
25408,because yo se lo he explicado veinte mil veces a él .,12,7,veinte,spa,veinte,7,,NUM,9,veces,nummod,none,,,,,,
25408,because yo se lo he explicado veinte mil veces a él .,12,8,mil,spa,mil,8,,NUM,9,veces,nummod,none,,,,,,
25408,because yo se lo he explicado veinte mil veces a él .,12,9,veces,spa,veces,9,,NOUN,6,explicado,advmod,none,,,,,,
25408,because yo se lo he explicado veinte mil veces a él .,12,10,a,spa,a,10,,ADP,11,él,case,none,,,,,,
25408,because yo se lo he explicado veinte mil veces a él .,12,11,él,spa,él,11,,PRON,6,explicado,obl,none,,,,,,
25408,because yo se lo he explicado veinte mil veces a él .,12,12,.,0,.,12,,PUNCT,6,explicado,punct,none,,,,,,
25935,is it good enough like this o algo así ?,10,1,is,eng,is,1,,AUX,3,good,cop,none,,,,,,
25935,is it good enough like this o algo así ?,10,2,it,eng,it,2,,PRON,3,good,nsubj,none,,,,,,
25935,is it good enough like this o algo así ?,10,3,good,eng,good,3,,ADJ,0,root,root,none,,,,,,
25935,is it good enough like this o algo así ?,10,4,enough,eng,enough,4,,ADV,3,good,advmod,none,,,,,,
25935,is it good enough like this o algo así ?,10,5,like,eng,like,5,,ADP,6,this,case,none,,,,,,
25935,is it good enough like this o algo así ?,10,6,this,eng,this,6,,PRON,3,good,obl,none,,,,,,
25935,is it good enough like this o algo así ?,10,7,o,spa,o,7,,CCONJ,3,good,cc,none,,,,,,
25935,is it good enough like this o algo así ?,10,8,algo,spa,algo,8,,,,nan,,none,,,,,,
25935,is it good enough like this o algo así ?,10,9,así,spa,así,9,,,,nan,,none,,,,,,
25935,is it good enough like this o algo así ?,,,,,algo así,8.1,,INTJ,3,good,discourse,none,,,,,,
25935,is it good enough like this o algo así ?,10,10,?,0,?,10,,PUNCT,3,good,punct,none,,,,,,
26207,in the morning over there cada vez que yo decía algo él me decía algo .,16,1,in,eng,in,1,,ADP,3,morning,case,none,,,,,,
26207,in the morning over there cada vez que yo decía algo él me decía algo .,16,2,the,eng,the,2,,DET,3,morning,det,none,,,,,,
26207,in the morning over there cada vez que yo decía algo él me decía algo .,16,3,morning,eng,morning,3,,NOUN,10,decía,obl,none,,,,,,
26207,in the morning over there cada vez que yo decía algo él me decía algo .,16,4,over,eng,over,4,,ADP,5,there,case,none,,,,,,
26207,in the morning over there cada vez que yo decía algo él me decía algo .,16,5,there,eng,there,5,,ADV,10,decía,advmod,none,,,,,,
26207,in the morning over there cada vez que yo decía algo él me decía algo .,16,6,cada,spa,cada,6,,DET,7,vez,det,none,,,,,,
26207,in the morning over there cada vez que yo decía algo él me decía algo .,16,7,vez,spa,vez,7,,NOUN,8,que,obl,none,,,,,,
26207,in the morning over there cada vez que yo decía algo él me decía algo .,16,8,que,spa,que,8,,SCONJ,10,decía,mark,none,,,,,,
26207,in the morning over there cada vez que yo decía algo él me decía algo .,16,9,yo,spa,yo,9,,PRON,10,decía,nsubj,none,,,,,,
26207,in the morning over there cada vez que yo decía algo él me decía algo .,16,10,decía,spa,decía,10,,VERB,0,root,root,none,,,,,,
26207,in the morning over there cada vez que yo decía algo él me decía algo .,16,11,algo,spa,algo,11,,NOUN,10,decía,obj,none,,,,,,
26207,in the morning over there cada vez que yo decía algo él me decía algo .,16,12,él,spa,él,12,,PRON,14,decía,nsubj,none,,,,,,
26207,in the morning over there cada vez que yo decía algo él me decía algo .,16,13,me,spa,me,13,,PRON,14,decía,iobj,none,,,,,,
26207,in the morning over there cada vez que yo decía algo él me decía algo .,16,14,decía,spa,decía,14,,VERB,10,decía,xcomp,none,,,,,,
26207,in the morning over there cada vez que yo decía algo él me decía algo .,16,15,algo,spa,algo,15,,NOUN,14,decía,obj,none,,,,,,
26207,in the morning over there cada vez que yo decía algo él me decía algo .,16,16,.,0,.,16,,PUNCT,10,decía,punct,none,,,,,,
28304,so when I say que yo tengo ayuda de otra gente quiero decir que I use frozen vegetables .,19,1,so,eng,so,1,,ADV,4,say,discourse,none,,,,,,
28304,so when I say que yo tengo ayuda de otra gente quiero decir que I use frozen vegetables .,19,2,when,eng,when,2,,ADV,4,say,mark,none,,,,,,
28304,so when I say que yo tengo ayuda de otra gente quiero decir que I use frozen vegetables .,19,3,I,eng,I,3,,PRON,4,say,nsubj,none,,,,,,
28304,so when I say que yo tengo ayuda de otra gente quiero decir que I use frozen vegetables .,19,4,say,eng,say,4,,VERB,12,quiero,advcl,none,,,,,,
28304,so when I say que yo tengo ayuda de otra gente quiero decir que I use frozen vegetables .,19,5,que,spa,que,5,,SCONJ,7,tengo,mark,none,,,,,,
28304,so when I say que yo tengo ayuda de otra gente quiero decir que I use frozen vegetables .,19,6,yo,spa,yo,6,,PRON,7,tengo,nsubj,none,,,,,,
28304,so when I say que yo tengo ayuda de otra gente quiero decir que I use frozen vegetables .,19,7,tengo,spa,tengo,7,,VERB,4,say,ccomp,none,,,,,,
28304,so when I say que yo tengo ayuda de otra gente quiero decir que I use frozen vegetables .,19,8,ayuda,spa,ayuda,8,,NOUN,7,tengo,obj,none,,,,,,
28304,so when I say que yo tengo ayuda de otra gente quiero decir que I use frozen vegetables .,19,9,de,spa,de,9,,ADP,11,gente,case,none,,,,,,
28304,so when I say que yo tengo ayuda de otra gente quiero decir que I use frozen vegetables .,19,10,otra,spa,otra,10,,DET,11,gente,det,none,,,,,,
28304,so when I say que yo tengo ayuda de otra gente quiero decir que I use frozen vegetables .,19,11,gente,spa,gente,11,,NOUN,7,tengo,obl,none,,,,,,
28304,so when I say que yo tengo ayuda de otra gente quiero decir que I use frozen vegetables .,19,12,quiero,spa,quiero,12,,AUX,13,decir,aux,none,,,,,,
28304,so when I say que yo tengo ayuda de otra gente quiero decir que I use frozen vegetables .,19,13,decir,spa,decir,13,,VERB,0,root,root,none,,,,,,
28304,so when I say que yo tengo ayuda de otra gente quiero decir que I use frozen vegetables .,19,14,que,spa,que,14,,SCONJ,16,use,mark,none,,,,,,
28304,so when I say que yo tengo ayuda de otra gente quiero decir que I use frozen vegetables .,19,15,I,eng,I,15,,PRON,16,use,nsubj,none,,,,,,
28304,so when I say que yo tengo ayuda de otra gente quiero decir que I use frozen vegetables .,19,16,use,eng,use,16,,VERB,13,decir,advcl,none,,,,,,
28304,so when I say que yo tengo ayuda de otra gente quiero decir que I use frozen vegetables .,19,17,frozen,eng,frozen,17,,ADJ,18,vegetables,amod,none,,,,,,
28304,so when I say que yo tengo ayuda de otra gente quiero decir que I use frozen vegetables .,19,18,vegetables,eng,vegetables,18,,NOUN,16,use,obj,none,,,,,,
28304,so when I say que yo tengo ayuda de otra gente quiero decir que I use frozen vegetables .,19,19,.,0,.,19,,PUNCT,12,quiero,punct,none,,,,,,
32116,mira los photometrics con el light shield esa luz no tiene whatever .,13,1,mira,spa,mira,1,,VERB,11,tiene,discourse,none,,,,,,
32116,mira los photometrics con el light shield esa luz no tiene whatever .,13,2,los,spa,los,2,,DET,3,photometrics,det,none,,,,,,
32116,mira los photometrics con el light shield esa luz no tiene whatever .,13,3,photometrics,eng,photometrics,3,,NOUN,9,luz,dislocated,none,,,,,,
32116,mira los photometrics con el light shield esa luz no tiene whatever .,13,4,con,spa,con,4,,ADP,6.1,light_shield,case,none,,,,,,
32116,mira los photometrics con el light shield esa luz no tiene whatever .,13,5,el,spa,el,5,,DET,6.1,light_shield,det,none,,,,,,
32116,mira los photometrics con el light shield esa luz no tiene whatever .,13,6,light,eng,light,6,,,,nan,,none,,,,,,
32116,mira los photometrics con el light shield esa luz no tiene whatever .,13,7,shield,eng,shield,7,,,,nan,,none,,,,,,
32116,mira los photometrics con el light shield esa luz no tiene whatever .,13,,,,light_shield,6.1,,NOUN,3,photometrics,nmod,none,,,,,,
32116,mira los photometrics con el light shield esa luz no tiene whatever .,13,8,esa,spa,esa,8,,DET,9,luz,det,none,,,,,,
32116,mira los photometrics con el light shield esa luz no tiene whatever .,13,9,luz,spa,luz,9,,NOUN,11,tiene,nsubj,none,,,,,,
32116,mira los photometrics con el light shield esa luz no tiene whatever .,13,10,no,spa,no,10,,ADV,11,tiene,neg,none,,,,,,
32116,mira los photometrics con el light shield esa luz no tiene whatever .,13,11,tiene,spa,tiene,11,,VERB,0,root,root,none,,,,,,
32116,mira los photometrics con el light shield esa luz no tiene whatever .,13,12,whatever,eng,whatever,12,,NOUN,11,tiene,obj,none,,,,,,
32116,mira los photometrics con el light shield esa luz no tiene whatever .,13,13,.,0,.,13,,PUNCT,11,tiene,punct,none,,,,,,
36769,tú que pasas metida in the internet all day .,10,1,tú,spa,tú,1,,PRON,3,pasas,nsubj,none,,,,,,
36769,tú que pasas metida in the internet all day .,10,2,que,spa,que,2,,SCONJ,3,pasas,mark,none,,,,,,
36769,tú que pasas metida in the internet all day .,10,3,pasas,spa,pasas,3,,VERB,0,root,root,none,,,,,,
36769,tú que pasas metida in the internet all day .,10,4,metida,spa,metida,4,,ADJ,3,pasas,xcomp,none,,,,,,
36769,tú que pasas metida in the internet all day .,10,5,in,eng,in,5,,ADP,7,internet,case,none,,,,,,
36769,tú que pasas metida in the internet all day .,10,6,the,eng,the,6,,DET,7,internet,det,none,,,,,,
36769,tú que pasas metida in the internet all day .,10,7,internet,eng,internet,7,,NOUN,3,pasas,obl,none,,,,,,
36769,tú que pasas metida in the internet all day .,10,8,all,eng,all,8,,DET,9,day,det,none,,,,,,
36769,tú que pasas metida in the internet all day .,10,9,day,eng,day,9,,NOUN,3,pasas,obl,none,,,,,,
36769,tú que pasas metida in the internet all day .,10,10,.,0,.,10,,PUNCT,3,pasas,punct,none,,,,,,
38321,ah bueno pero fin de semana so you can take your time .,13,1,ah,eng&spa,ah,1,,INTJ,10,take,discourse,none,,,,,,
38321,ah bueno pero fin de semana so you can take your time .,13,2,bueno,spa,bueno,2,,ADV,10,take,discourse,none,,,,,,
38321,ah bueno pero fin de semana so you can take your time .,13,3,pero,spa,pero,3,,CCONJ,10,take,discourse,none,,,,,,
38321,ah bueno pero fin de semana so you can take your time .,13,4,fin,spa,fin,4,,,,nan,,none,,,,,,
38321,ah bueno pero fin de semana so you can take your time .,13,5,de,spa,de,5,,,,nan,,none,,,,,,
38321,ah bueno pero fin de semana so you can take your time .,13,6,semana,spa,semana,6,,,,nan,,none,,,,,,
38321,ah bueno pero fin de semana so you can take your time .,13,,,,fin_de_semana,4.1,,NOUN,10,take,advmod,none,,,,,,
38321,ah bueno pero fin de semana so you can take your time .,13,7,so,eng,so,7,,CCONJ,10,take,cc,none,,,,,,
38321,ah bueno pero fin de semana so you can take your time .,13,8,you,eng,you,8,,PRON,10,take,nsubj,none,,,,,,
38321,ah bueno pero fin de semana so you can take your time .,13,9,can,eng,can,9,,AUX,10,take,aux,none,,,,,,
38321,ah bueno pero fin de semana so you can take your time .,13,10,take,eng,take,10,,VERB,0,root,root,none,,,,,,
38321,ah bueno pero fin de semana so you can take your time .,13,11,your,eng,your,11,,DET,12,time,det,none,,,,,,
38321,ah bueno pero fin de semana so you can take your time .,13,12,time,eng,time,12,,NOUN,10,take,obj,none,,,,,,
38321,ah bueno pero fin de semana so you can take your time .,13,13,.,0,.,13,,PUNCT,10,take,punct,none,,,,,,
39462,exactly tú tienes que convivir con la misma gente so why would you get in a fight with them or whatever ?,22,1,exactly,eng,exactly,1,,ADV,5,convivir,discourse,none,,,,,,
39462,exactly tú tienes que convivir con la misma gente so why would you get in a fight with them or whatever ?,22,2,tú,spa,tú,2,,PRON,3,tienes,nsubj,none,,,,,,
39462,exactly tú tienes que convivir con la misma gente so why would you get in a fight with them or whatever ?,22,3,tienes,spa,tienes,3,,AUX,5,convivir,aux,none,,,,,,
39462,exactly tú tienes que convivir con la misma gente so why would you get in a fight with them or whatever ?,22,4,que,spa,que,4,,SCONJ,5,convivir,mark,none,,,,,,
39462,exactly tú tienes que convivir con la misma gente so why would you get in a fight with them or whatever ?,22,5,convivir,spa,convivir,5,,VERB,0,root,root,none,,,,,,
39462,exactly tú tienes que convivir con la misma gente so why would you get in a fight with them or whatever ?,22,6,con,spa,con,6,,ADP,9,gente,case,none,,,,,,
39462,exactly tú tienes que convivir con la misma gente so why would you get in a fight with them or whatever ?,22,7,la,spa,la,7,,DET,9,gente,det,none,,,,,,
39462,exactly tú tienes que convivir con la misma gente so why would you get in a fight with them or whatever ?,22,8,misma,spa,misma,8,,ADJ,9,gente,amod,none,,,,,,
39462,exactly tú tienes que convivir con la misma gente so why would you get in a fight with them or whatever ?,22,9,gente,spa,gente,9,,NOUN,5,convivir,obl,none,,,,,,
39462,exactly tú tienes que convivir con la misma gente so why would you get in a fight with them or whatever ?,22,10,so,eng,so,10,,CCONJ,14,get,cc,none,,,,,,
39462,exactly tú tienes que convivir con la misma gente so why would you get in a fight with them or whatever ?,22,11,why,eng,why,11,,ADV,14,get,advmod,none,,,,,,
39462,exactly tú tienes que convivir con la misma gente so why would you get in a fight with them or whatever ?,22,12,would,eng,would,12,,AUX,14,get,aux,none,,,,,,
39462,exactly tú tienes que convivir con la misma gente so why would you get in a fight with them or whatever ?,22,13,you,eng,you,13,,PRON,12,would,nsubj,none,,,,,,
39462,exactly tú tienes que convivir con la misma gente so why would you get in a fight with them or whatever ?,22,14,get,eng,get,14,,VERB,5,convivir,conj,none,,,,,,
39462,exactly tú tienes que convivir con la misma gente so why would you get in a fight with them or whatever ?,22,15,in,eng,in,15,,ADP,17,fight,case,none,,,,,,
39462,exactly tú tienes que convivir con la misma gente so why would you get in a fight with them or whatever ?,22,16,a,eng,a,16,,DET,17,fight,det,none,,,,,,
39462,exactly tú tienes que convivir con la misma gente so why would you get in a fight with them or whatever ?,22,17,fight,eng,fight,17,,NOUN,14,get,obl,none,,,,,,
39462,exactly tú tienes que convivir con la misma gente so why would you get in a fight with them or whatever ?,22,18,with,eng,with,18,,ADP,19,them,case,none,,,,,,
39462,exactly tú tienes que convivir con la misma gente so why would you get in a fight with them or whatever ?,22,19,them,eng,them,19,,PRON,17,fight,nmod,none,,,,,,
39462,exactly tú tienes que convivir con la misma gente so why would you get in a fight with them or whatever ?,22,20,or,eng,or,20,,CCONJ,21,whatever,cc,none,,,,,,
39462,exactly tú tienes que convivir con la misma gente so why would you get in a fight with them or whatever ?,22,21,whatever,eng,whatever,21,,NOUN,14,get,obl,none,,,,,,
39462,exactly tú tienes que convivir con la misma gente so why would you get in a fight with them or whatever ?,22,22,?,0,?,22,,PUNCT,14,get,punct,none,,,,,,
39552,terminar de de mandar este fax exactly .,8,1,terminar,spa,terminar,1,,VERB,4,mandar,root,none,,,,,,
39552,terminar de de mandar este fax exactly .,8,2,de,spa,de,2,,ADP,4,mandar,mark,none,,,,,,
39552,terminar de de mandar este fax exactly .,8,3,de,spa,de,3,,ADP,4,mandar,rep,none,,,,,,
39552,terminar de de mandar este fax exactly .,8,4,mandar,spa,mandar,4,,VERB,0,root,xcomp,none,,,,,,
39552,terminar de de mandar este fax exactly .,8,5,este,spa,este,5,,DET,6,fax,det,none,,,,,,
39552,terminar de de mandar este fax exactly .,8,6,fax,eng&spa,fax,6,,NOUN,4,mandar,obj,none,,,,,,
39552,terminar de de mandar este fax exactly .,8,7,exactly,eng,exactly,7,,ADV,4,mandar,discourse,none,,,,,,
39552,terminar de de mandar este fax exactly .,8,8,.,0,.,8,,PUNCT,4,mandar,punct,none,,,,,,
40233,hubieran limpiado todos los leftovers de asfalto y toda esa cosa .,12,1,hubieran,spa,hubieran,1,,AUX,2,limpiado,aux,none,,,,,,
40233,hubieran limpiado todos los leftovers de asfalto y toda esa cosa .,12,2,limpiado,spa,limpiado,2,,VERB,0,root,root,none,,,,,,
40233,hubieran limpiado todos los leftovers de asfalto y toda esa cosa .,12,3,todos,spa,todos,3,,DET,5,leftovers,det,none,,,,,,
40233,hubieran limpiado todos los leftovers de asfalto y toda esa cosa .,12,4,los,spa,los,4,,DET,5,leftovers,det,none,,,,,,
40233,hubieran limpiado todos los leftovers de asfalto y toda esa cosa .,12,5,leftovers,eng,leftovers,5,,NOUN,2,limpiado,obj,none,,,,,,
40233,hubieran limpiado todos los leftovers de asfalto y toda esa cosa .,12,6,de,spa,de,6,,ADP,7,asfalto,case,none,,,,,,
40233,hubieran limpiado todos los leftovers de asfalto y toda esa cosa .,12,7,asfalto,spa,asfalto,7,,NOUN,5,leftovers,nmod,none,,,,,,
40233,hubieran limpiado todos los leftovers de asfalto y toda esa cosa .,12,8,y,spa,y,8,,CCONJ,11,cosa,cc,none,,,,,,
40233,hubieran limpiado todos los leftovers de asfalto y toda esa cosa .,12,9,toda,spa,toda,9,,DET,11,cosa,det,none,,,,,,
40233,hubieran limpiado todos los leftovers de asfalto y toda esa cosa .,12,10,esa,spa,esa,10,,DET,11,cosa,det,none,,,,,,
40233,hubieran limpiado todos los leftovers de asfalto y toda esa cosa .,12,11,cosa,spa,cosa,11,,NOUN,2,limpiado,conj,none,,,,,,
40233,hubieran limpiado todos los leftovers de asfalto y toda esa cosa .,12,12,.,0,.,12,,PUNCT,2,limpiado,punct,none,,,,,,
45795,mira cuando los otros van para el carnival center a las tres .,13,1,mira,spa,mira,1,,VERB,5,van,discourse,none,,,,,,
45795,mira cuando los otros van para el carnival center a las tres .,13,2,cuando,spa,cuando,2,,ADV,5,van,advmod,none,,,,,,
45795,mira cuando los otros van para el carnival center a las tres .,13,3,los,spa,los,3,,DET,5,van,det,none,,,,,,
45795,mira cuando los otros van para el carnival center a las tres .,13,4,otros,spa,otros,4,,PRON,5,van,nsubj,none,,,,,,
45795,mira cuando los otros van para el carnival center a las tres .,13,5,van,spa,van,5,,VERB,0,root,root,none,,,,,,
45795,mira cuando los otros van para el carnival center a las tres .,13,6,para,spa,para,6,,ADP,8.1,carnival_center,case,none,,,,,,
45795,mira cuando los otros van para el carnival center a las tres .,13,7,el,spa,el,7,,DET,8.1,carnival_center,det,none,,,,,,
45795,mira cuando los otros van para el carnival center a las tres .,13,8,carnival,eng,carnival,8,,,,nan,,none,,,,,,
45795,mira cuando los otros van para el carnival center a las tres .,13,9,center,eng,center,9,,,,nan,,none,,,,,,
45795,mira cuando los otros van para el carnival center a las tres .,13,,,,carnival_center,8.1,,NOUN,5,van,obl,none,,,,,,
45795,mira cuando los otros van para el carnival center a las tres .,13,10,a,spa,a,10,,ADP,12,tres,case,none,,,,,,
45795,mira cuando los otros van para el carnival center a las tres .,13,11,las,spa,las,11,,DET,12,tres,det,none,,,,,,
45795,mira cuando los otros van para el carnival center a las tres .,13,12,tres,spa,tres,12,,NUM,5,van,nummod,none,,,,,,
45795,mira cuando los otros van para el carnival center a las tres .,13,13,.,0,.,13,,PUNCT,1,mira,punct,none,,,,,,
500,sí mmhm .,3,1,sí,spa,sí,1,,ADV,0,root,root,"fillers: uhm, eh,...",,,,,,
500,sí mmhm .,3,2,mmhm,eng,mmhm,2,,INTJ,1,sí,discourse,"fillers: uhm, eh,...",,,,,,
500,sí mmhm .,3,3,.,0,.,13,,PUNCT,1,sí,punct,"fillers: uhm, eh,...",,,,,,
7756,tres dos uno mmhm .,5,1,tres,spa,tres,1,,NOUN,2,dos,obj,"fillers: uhm, eh,...",,,,,,
7756,tres dos uno mmhm .,5,2,dos,spa,dos,2,,NOUN,3,uno,obj,"fillers: uhm, eh,...",,,,,,
7756,tres dos uno mmhm .,5,3,uno,spa,uno,3,,NOUN,0,root,root,"fillers: uhm, eh,...",,,,,,
7756,tres dos uno mmhm .,5,4,mmhm,eng,mmhm,4,,INTJ,,nan,discourse,"fillers: uhm, eh,...",,,,,,
7756,tres dos uno mmhm .,5,5,.,0,.,5,,PUNCT,3,uno,punct,"fillers: uhm, eh,...",,,,,,
12515,es que ah anoche trasnochó .,6,1,es,spa,es,1,,AUX,5,trasnochó,cop,"fillers: uhm, eh,...",,,,,,
12515,es que ah anoche trasnochó .,6,2,que,spa,que,2,,SCONJ,5,trasnochó,mark,"fillers: uhm, eh,...",,,,,,
12515,es que ah anoche trasnochó .,6,3,ah,spa,ah,3,,INTJ,5,trasnochó,discourse,"fillers: uhm, eh,...",,,,,,
12515,es que ah anoche trasnochó .,6,4,anoche,spa,anoche,4,,ADV,5,trasnochó,advmod,"fillers: uhm, eh,...",,,,,,
12515,es que ah anoche trasnochó .,6,5,trasnochó,eng,trasnochó,5,,VERB,0,root,root,"fillers: uhm, eh,...",,,,,,
12515,es que ah anoche trasnochó .,6,6,.,0,.,1,,PUNCT,5,trasnochó,punct,"fillers: uhm, eh,...",,,,,,
31710,pero no um .,4,1,pero,spa,pero,1,,CCONJ,2,no,discourse,"fillers: uhm, eh,...",,,,,,
31710,pero no um .,4,2,no,spa,no,2,,ADV,0,root,root,"fillers: uhm, eh,...",,,,,,
31710,pero no um .,4,3,um,eng,um,3,,INTJ,2,no,discourse,"fillers: uhm, eh,...",,,,,,
31710,pero no um .,4,4,.,0,.,4,,PUNCT,2,no,punct,"fillers: uhm, eh,...",,,,,,
33359,eh no eh I know .,6,1,eh,eng&spa,eh,1,,INTJ,5,know,discourse,"fillers: uhm, eh,...",,,,,,
33359,eh no eh I know .,6,2,no,spa,no,2,,ADV,5,know,discourse,"fillers: uhm, eh,...",,,,,,
33359,eh no eh I know .,6,3,eh,eng&spa,eh,3,,INTJ,5,know,discourse,"fillers: uhm, eh,...",,,,,,
33359,eh no eh I know .,6,4,I,eng,I,4,,PRON,5,know,nsubj,"fillers: uhm, eh,...",,,,,,
33359,eh no eh I know .,6,5,know,eng,know,5,,VERB,0,root,root,"fillers: uhm, eh,...",,,,,,
33359,eh no eh I know .,6,6,.,0,.,6,,PUNCT,5,know,punct,"fillers: uhm, eh,...",,,,,,
36157,mmhm sí .,3,1,mmhm,eng,mmhm,1,,INTJ,2,sí,discourse,"fillers: uhm, eh,...",,,,,,
36157,mmhm sí .,3,2,sí,spa,sí,2,,ADV,0,root,root,"fillers: uhm, eh,...",,,,,,
36157,mmhm sí .,3,3,.,0,.,3,,PUNCT,2,sí,punct,"fillers: uhm, eh,...",,,,,,
36179,y yo estúpido huh .,5,1,y,spa,y,1,,CCONJ,3,estúpido,cc,"fillers: uhm, eh,...",,,,,,
36179,y yo estúpido huh .,5,2,yo,spa,yo,2,,PRON,3,estúpido,nsubj,"fillers: uhm, eh,...",,,,,,
36179,y yo estúpido huh .,5,3,estúpido,spa,estúpido,3,,ADJ,0,root,root,"fillers: uhm, eh,...",,,,,,
36179,y yo estúpido huh .,5,4,huh,eng,huh,4,,INTJ,3,estúpido,discourse,"fillers: uhm, eh,...",,,,,,
36179,y yo estúpido huh .,5,5,.,0,.,5,,PUNCT,3,estúpido,punct,"fillers: uhm, eh,...",,,,,,
45439,um sí y no .,5,1,um,eng,um,1,,INTJ,2,sí,discourse,"fillers: uhm, eh,...",,,,,,
45439,um sí y no .,5,2,sí,spa,sí,2,,ADV,0,root,root,"fillers: uhm, eh,...",,,,,,
45439,um sí y no .,5,3,y,spa,y,3,,CCONJ,2,sí,cc,"fillers: uhm, eh,...",,,,,,
45439,um sí y no .,5,4,no,spa,no,4,,INTJ,3,y,conj,"fillers: uhm, eh,...",,,,,,
45439,um sí y no .,5,5,.,0,.,5,,PUNCT,2,sí,punct,"fillers: uhm, eh,...",,,,,,
46095,ah pues hello .,4,1,ah,eng&spa,ah,1,,INTJ,3,hello,discourse,"fillers: uhm, eh,...",,,,,,
46095,ah pues hello .,4,2,pues,spa,pues,2,,ADV,3,hello,discourse,"fillers: uhm, eh,...",,,,,,
46095,ah pues hello .,4,3,hello,eng,hello,3,,INTJ,0,root,root,"fillers: uhm, eh,...",,,,,,
46095,ah pues hello .,4,4,.,0,.,4,,PUNCT,3,hello,punct,"fillers: uhm, eh,...",,,,,,
46295,ay ya please .,4,1,ay,spa,ay,1,,INTJ,3,please,discourse,"fillers: uhm, eh,...",,,,,,
46295,ay ya please .,4,2,ya,spa,ya,2,,ADV,3,please,discourse,"fillers: uhm, eh,...",,,,,,
46295,ay ya please .,4,3,please,eng,please,3,,INTJ,0,root,root,"fillers: uhm, eh,...",,,,,,
46295,ay ya please .,4,4,.,0,.,4,,PUNCT,3,please,punct,"fillers: uhm, eh,...",,,,,,
